zone,candidate_id,family,lag,radius,ridge_alpha,rule_count,consequent_dimension,validation_rmse,validation_mae,clip_bound_scaled,clip_lower_original,clip_upper_original,certification_target_clipping_rate,certificate_sample_size,selection_uses_test,certificate_uses_test,prior_scale,posterior_ratio,empirical_gibbs_risk,gaussian_kl,structure_kl,prior_scale_penalty,total_kl,temperature,certificate,certificate_untruncated,effective_rule_count,minimum_hard_rule_support,maximum_hard_rule_support,mean_active_rules,maximum_active_rules,rule_usage_entropy,realized_covering_radius,validation_rmse_raw,validation_mae_raw,validation_rmse_clipped,validation_mae_clipped,validation_weighted_cost,validation_normalized_weighted_cost,validation_target_clipping_rate,validation_forecast_clipping_rate,validation_block_rmse_improvements,validation_block_cost_improvements,validation_rmse_nonnegative_blocks,validation_cost_nonnegative_blocks,validation_worst_block_rmse_improvement,validation_worst_block_cost_improvement,seasonal_validation_rmse,seasonal_validation_mae,seasonal_validation_weighted_cost,seasonal_validation_normalized_weighted_cost,validation_rmse_improvement_vs_fallback,validation_cost_improvement_vs_fallback
comed,ridge|p=7|r=none|a=0.0001|k=1,ridge,7,,0.0001,1,8,855.3254725888164,630.8602884193552,5.527966439898821,1315.6536889105155,21779.60329382472,0.0,1444,False,False,4.0,1.0,0.00419267690651454,0.34680024012093913,3.8066624897703196,1.6094379124341003,5.762900642325359,0.25,0.06850829116199181,0.06850829116199181,1,474,474,1.0,1,0.0,,855.3254725888162,630.8602884193551,855.3254725888162,630.8602884193551,947.6038783258675,0.08306458566719402,0.0,0.0,"[0.36762554180873336, 0.4513254294656733, 0.4366469336519107, 0.30683125771099756]","[0.35881655435671383, 0.38789361449147997, 0.4583998658398295, 0.28579244334920606]",4,4,0.30683125771099756,0.28579244334920606,1431.003242783293,1018.5441557268427,1524.2419607370784,0.13361123758680657,0.40228963358237185,0.3783113818309829
comed,ridge|p=7|r=none|a=0.001|k=1,ridge,7,,0.001,1,8,855.3254930471895,630.8600241810443,5.527966439898821,1315.6536889105155,21779.60329382472,0.0,1444,False,False,4.0,1.0,0.004192594215252415,0.3468327174867907,3.8066624897703196,1.6094379124341003,5.762933119691211,0.25,0.06850829843573206,0.06850829843573206,1,474,474,1.0,1,0.0,,855.3254930471893,630.8600241810441,855.3254930471893,630.8600241810441,947.6034814488485,0.08306455087794726,0.0,0.0,"[0.3676259376077594, 0.4513248760754108, 0.43664691637910624, 0.30683137427050555]","[0.3588170962898649, 0.3878930161543363, 0.45840032837285605, 0.28579363172676503]",4,4,0.30683137427050555,0.28579363172676503,1431.003242783293,1018.5441557268427,1524.2419607370784,0.13361123758680657,0.40228961928584717,0.3783116422076352
comed,ridge|p=7|r=none|a=0.01|k=1,ridge,7,,0.01,1,8,855.3256995226003,630.8573824533055,5.527966439898821,1315.6536889105155,21779.60329382472,0.0,1444,False,False,4.0,1.0,0.004191767734967781,0.3471575663873703,3.8066624897703196,1.6094379124341003,5.76325796859179,0.25,0.06850837181389777,0.06850837181389777,1,474,474,1.0,1,0.0,,855.3256995226002,630.8573824533054,855.3256995226002,630.8573824533054,947.5995136623025,0.08306420307170354,0.0,0.0,"[0.3676298936980348, 0.45131934169695226, 0.4366467422939821, 0.30683253821952955]","[0.35882251442413277, 0.3878870331780371, 0.4584049528275907, 0.2858055141930942]",4,4,0.30683253821952955,0.2858055141930942,1431.003242783293,1018.5441557268427,1524.2419607370784,0.13361123758680657,0.4022894749986753,0.3783142453288248
comed,ridge|p=7|r=none|a=0.1|k=1,ridge,7,,0.1,1,8,855.3279529119052,630.8310305983631,5.527966439898821,1315.6536889105155,21779.60329382472,0.0,1444,False,False,4.0,1.0,0.004183545932167317,0.3504134590124576,3.8066624897703196,1.6094379124341003,5.766513861216878,0.25,0.0685091691042416,0.0685091691042416,1,474,474,1.0,1,0.0,,855.327952911905,630.8310305983628,855.327952911905,630.8310305983628,947.559933989269,0.08306073361656878,0.0,0.0,"[0.36766926506781106, 0.4512639505502838, 0.43664486611697545, 0.3068440135659855]","[0.35887657627530034, 0.38782724286017844, 0.45845110998460326, 0.2859242080902373]",4,4,0.3068440135659855,0.2859242080902373,1431.003242783293,1018.5441557268427,1524.2419607370784,0.13361123758680657,0.40228790030671274,0.37834021212022206
comed,ridge|p=7|r=none|a=1|k=1,ridge,7,,1.0,1,8,855.3688299612717,630.5739418129464,5.527966439898821,1315.6536889105155,21779.60329382472,0.0,1444,False,False,4.0,1.0,0.0041054065085659956,0.3835990482412598,3.8066624897703196,1.6094379124341003,5.79969945044568,0.25,0.06852295652060925,0.06852295652060925,1,474,474,1.0,1,0.0,,855.3688299612714,630.5739418129463,855.3688299612714,630.5739418129463,947.1737877322462,0.08302688500157239,0.0,0.0,"[0.3680444810140882, 0.45070551799906494, 0.4366129450033036, 0.3069428034404664]","[0.3594054738229555, 0.38723321674002825, 0.45890410219636735, 0.2870982285537202]",4,4,0.3069428034404664,0.2870982285537202,1431.003242783293,1018.5441557268427,1524.2419607370784,0.13361123758680657,0.40225933499802274,0.3785935487078306
comed,fixed_k_dense_tsk|p=7|r=none|a=0.0001|k=8,fixed_k_dense_tsk,7,,0.0001,8,64,1698.2667235716667,822.4699935187731,5.527966439898821,1315.6536889105155,21779.60329382472,0.0,1444,False,False,8.0,0.3,0.013196165785577902,112.8109240900736,9.347926034928745,1.6094379124341003,123.76828803743645,1.0,0.22818375175603384,0.22818375175603384,8,2,986,3.1426592797783934,7,0.510565833504148,1.147175714103193,1698.2667235644292,822.4699935176624,1448.3272186634372,789.2249340786789,1204.9066060337218,0.10561909916902877,0.0,0.00554016620498615,"[0.3763551386007314, -0.4445953775707044, 0.4568829490873959, 0.3233614377660634]","[0.3762988779718388, -0.20789659541928365, 0.4764174153904168, 0.3472727993978891]",3,3,-0.4445953775707044,-0.20789659541928365,1431.003242783293,1018.5441557268427,1524.2419607370784,0.13361123758680657,-0.01210617513797464,0.20950437196266103
comed,fixed_k_dense_tsk|p=7|r=none|a=0.001|k=8,fixed_k_dense_tsk,7,,0.001,8,64,1092.6432034261416,706.3835299896166,5.527966439898821,1315.6536889105155,21779.60329382472,0.0,1444,False,False,8.0,0.3,0.012151556809329637,60.52580165994348,9.347926034928745,1.6094379124341003,71.48316560730633,0.5,0.18220966167249897,0.18220966167249897,8,2,986,3.1426592797783934,7,0.510565833504148,1.147175714103193,1092.6432034258912,706.3835299894012,1092.6432034258912,706.3835299894012,1077.455861240636,0.0944470856817936,0.0,0.0,"[0.37667008751446124, 0.03984910988769467, 0.45648250868979806, 0.32343870716751993]","[0.3772583097320552, 0.05744526146786455, 0.47587587550884797, 0.3473271768615183]",4,4,0.03984910988769467,0.05744526146786455,1431.003242783293,1018.5441557268427,1524.2419607370784,0.13361123758680657,0.23644952662671362,0.29312019417205243
comed,fixed_k_dense_tsk|p=7|r=none|a=0.01|k=8,fixed_k_dense_tsk,7,,0.01,8,64,960.1510640373037,669.7151975531395,5.527966439898821,1315.6536889105155,21779.60329382472,0.0,1444,False,False,4.0,1.0,0.025818615409348246,16.634262878914683,9.347926034928745,1.6094379124341003,27.591626826277526,0.5,0.1350851153126439,0.1350851153126439,8,2,986,3.1426592797783934,7,0.510565833504148,1.147175714103193,960.1510640372402,669.7151975531071,960.1510640372402,669.7151975531071,1017.7794776098962,0.0892160031653718,0.0,0.0,"[0.37671937399751526, 0.2443123798095358, 0.4558385585042575, 0.32353794595283786]","[0.37882717386929216, 0.18075427707732344, 0.4751717408030287, 0.3474717963829525]",4,4,0.2443123798095358,0.18075427707732344,1431.003242783293,1018.5441557268427,1524.2419607370784,0.13361123758680657,0.3290364163188394,0.3322717102488584
comed,fixed_k_dense_tsk|p=7|r=none|a=0.1|k=8,fixed_k_dense_tsk,7,,0.1,8,64,936.5935744645433,664.7236598012979,5.527966439898821,1315.6536889105155,21779.60329382472,0.0,1444,False,False,4.0,1.0,0.022477869670683118,9.998403649342006,9.347926034928745,1.6094379124341003,20.955767596704852,0.5,0.12255342881279778,0.12255342881279778,8,2,986,3.1426592797783934,7,0.510565833504148,1.147175714103193,936.5935744645388,664.7236598012961,936.5935744645388,664.7236598012961,1010.8174565723132,0.08860572981580003,0.0,0.0,"[0.37739519528439747, 0.2829619155435324, 0.45519120004904523, 0.32369919520991675]","[0.3808516677776294, 0.19348090825928108, 0.4744221670416118, 0.3478507251595439]",4,4,0.2829619155435324,0.19348090825928108,1431.003242783293,1018.5441557268427,1524.2419607370784,0.13361123758680657,0.3454986358780922,0.3368392403503236
comed,fixed_k_dense_tsk|p=7|r=none|a=1|k=8,fixed_k_dense_tsk,7,,1.0,8,64,923.1198458868434,660.76638573556,5.527966439898821,1315.6536889105155,21779.60329382472,0.0,1444,False,False,4.0,1.0,0.014135123964852716,7.562848051742351,9.347926034928745,1.6094379124341003,18.520211999105197,0.5,0.11083733740392077,0.11083733740392077,8,2,986,3.1426592797783934,7,0.510565833504148,1.147175714103193,923.1198458868419,660.7663857355593,923.1198458868419,660.7663857355593,1006.6369657844432,0.08823927845028491,0.0,0.0,"[0.383396851684474, 0.3010192828493322, 0.4513728398382744, 0.32476303859156996]","[0.385185530583367, 0.1998836063598385, 0.4696416582869464, 0.3499276190037609]",4,4,0.3010192828493322,0.1998836063598385,1431.003242783293,1018.5441557268427,1524.2419607370784,0.13361123758680657,0.3549142180199542,0.33958190909685804
comed,dense_tsk|p=7|r=1.25|a=0.0001|k=8,dense_tsk,7,1.25,0.0001,8,64,1698.2667235716667,822.4699935187731,5.527966439898821,1315.6536889105155,21779.60329382472,0.0,1444,False,False,8.0,0.3,0.013196165785577902,112.8109240900736,11.1396855041568,1.6094379124341003,125.5600475066645,1.0,0.22942458241339397,0.22942458241339397,8,2,986,3.1426592797783934,7,0.510565833504148,1.25,1698.2667235644292,822.4699935176624,1448.3272186634372,789.2249340786789,1204.9066060337218,0.10561909916902877,0.0,0.00554016620498615,"[0.3763551386007314, -0.4445953775707044, 0.4568829490873959, 0.3233614377660634]","[0.3762988779718388, -0.20789659541928365, 0.4764174153904168, 0.3472727993978891]",3,3,-0.4445953775707044,-0.20789659541928365,1431.003242783293,1018.5441557268427,1524.2419607370784,0.13361123758680657,-0.01210617513797464,0.20950437196266103
comed,dense_tsk|p=7|r=1.25|a=0.001|k=8,dense_tsk,7,1.25,0.001,8,64,1092.6432034261416,706.3835299896166,5.527966439898821,1315.6536889105155,21779.60329382472,0.0,1444,False,False,8.0,0.3,0.012151556809329637,60.52580165994348,11.1396855041568,1.6094379124341003,73.27492507653439,0.5,0.1846913229872193,0.1846913229872193,8,2,986,3.1426592797783934,7,0.510565833504148,1.25,1092.6432034258912,706.3835299894012,1092.6432034258912,706.3835299894012,1077.455861240636,0.0944470856817936,0.0,0.0,"[0.37667008751446124, 0.03984910988769467, 0.45648250868979806, 0.32343870716751993]","[0.3772583097320552, 0.05744526146786455, 0.47587587550884797, 0.3473271768615183]",4,4,0.03984910988769467,0.05744526146786455,1431.003242783293,1018.5441557268427,1524.2419607370784,0.13361123758680657,0.23644952662671362,0.29312019417205243
comed,dense_tsk|p=7|r=1.25|a=0.01|k=8,dense_tsk,7,1.25,0.01,8,64,960.1510640373037,669.7151975531395,5.527966439898821,1315.6536889105155,21779.60329382472,0.0,1444,False,False,4.0,1.0,0.025818615409348246,16.634262878914683,11.1396855041568,1.6094379124341003,29.38338629550558,0.5,0.1375667766273642,0.1375667766273642,8,2,986,3.1426592797783934,7,0.510565833504148,1.25,960.1510640372402,669.7151975531071,960.1510640372402,669.7151975531071,1017.7794776098962,0.0892160031653718,0.0,0.0,"[0.37671937399751526, 0.2443123798095358, 0.4558385585042575, 0.32353794595283786]","[0.37882717386929216, 0.18075427707732344, 0.4751717408030287, 0.3474717963829525]",4,4,0.2443123798095358,0.18075427707732344,1431.003242783293,1018.5441557268427,1524.2419607370784,0.13361123758680657,0.3290364163188394,0.3322717102488584
comed,dense_tsk|p=7|r=1.25|a=0.1|k=8,dense_tsk,7,1.25,0.1,8,64,936.5935744645433,664.7236598012979,5.527966439898821,1315.6536889105155,21779.60329382472,0.0,1444,False,False,4.0,1.0,0.022477869670683118,9.998403649342006,11.1396855041568,1.6094379124341003,22.747527065932907,0.5,0.12503509012751807,0.12503509012751807,8,2,986,3.1426592797783934,7,0.510565833504148,1.25,936.5935744645388,664.7236598012961,936.5935744645388,664.7236598012961,1010.8174565723132,0.08860572981580003,0.0,0.0,"[0.37739519528439747, 0.2829619155435324, 0.45519120004904523, 0.32369919520991675]","[0.3808516677776294, 0.19348090825928108, 0.4744221670416118, 0.3478507251595439]",4,4,0.2829619155435324,0.19348090825928108,1431.003242783293,1018.5441557268427,1524.2419607370784,0.13361123758680657,0.3454986358780922,0.3368392403503236
comed,dense_tsk|p=7|r=1.25|a=1|k=8,dense_tsk,7,1.25,1.0,8,64,923.1198458868434,660.76638573556,5.527966439898821,1315.6536889105155,21779.60329382472,0.0,1444,False,False,4.0,1.0,0.014135123964852716,7.562848051742351,11.1396855041568,1.6094379124341003,20.31197146833325,0.5,0.11331899871864107,0.11331899871864107,8,2,986,3.1426592797783934,7,0.510565833504148,1.25,923.1198458868419,660.7663857355593,923.1198458868419,660.7663857355593,1006.6369657844432,0.08823927845028491,0.0,0.0,"[0.383396851684474, 0.3010192828493322, 0.4513728398382744, 0.32476303859156996]","[0.385185530583367, 0.1998836063598385, 0.4696416582869464, 0.3499276190037609]",4,4,0.3010192828493322,0.1998836063598385,1431.003242783293,1018.5441557268427,1524.2419607370784,0.13361123758680657,0.3549142180199542,0.33958190909685804
comed,dense_tsk|p=7|r=1.5|a=0.0001|k=5,dense_tsk,7,1.5,0.0001,5,40,2699.955315749168,1008.8937113329267,5.527966439898821,1315.6536889105155,21779.60329382472,0.0,1444,False,False,8.0,0.3,0.010056956260820057,452.4812098117788,9.060243962476964,1.6094379124341003,463.1508916866899,2.0,0.4225655012021607,0.4225655012021607,5,4,1059,2.2326869806094183,5,0.4636371376587425,1.5,2699.9553156435177,1008.8937113132856,1579.4000762075505,835.8742635778686,1246.1857925758695,0.10923752940684084,0.0,0.01662049861495845,"[0.3640803543275685, -0.6055677379099625, 0.4429746581097013, 0.32875518598324266]","[0.3503868101012167, -0.25269508876363944, 0.467470957218771, 0.3296701169871501]",3,3,-0.6055677379099625,-0.25269508876363944,1431.003242783293,1018.5441557268427,1524.2419607370784,0.13361123758680657,-0.10370125586551886,0.18242259124446958
comed,dense_tsk|p=7|r=1.5|a=0.001|k=5,dense_tsk,7,1.5,0.001,5,40,1086.9913565820577,709.761058726622,5.527966439898821,1315.6536889105155,21779.60329382472,0.0,1444,False,False,8.0,1.0,0.042151816905250925,16.712690367575966,9.060243962476964,1.6094379124341003,27.38237224248703,0.5,0.15112849051520794,0.15112849051520794,5,4,1059,2.2326869806094183,5,0.4636371376587425,1.5,1086.9913565800102,709.7610587261087,1086.9913565800102,709.7610587261087,1046.7420488142527,0.09175478971107141,0.0,0.0,"[0.36708514986058194, 0.05717738030716188, 0.44276381197072867, 0.3282550608367714]","[0.35305037469669437, 0.16120691986807145, 0.46724787565544307, 0.32906579894260857]",4,4,0.05717738030716188,0.16120691986807145,1431.003242783293,1018.5441557268427,1524.2419607370784,0.13361123758680657,0.24039909618526206,0.31327041521145427
comed,dense_tsk|p=7|r=1.5|a=0.01|k=5,dense_tsk,7,1.5,0.01,5,40,886.6200657524749,639.526325059858,5.527966439898821,1315.6536889105155,21779.60329382472,0.0,1444,False,False,4.0,1.0,0.014894673772227725,8.558204534227652,9.060243962476964,1.6094379124341003,19.227886409138716,0.5,0.11257704567394608,0.11257704567394608,5,4,1059,2.2326869806094183,5,0.4636371376587425,1.5,886.6200657525128,639.5263250598613,886.6200657525128,639.5263250598613,956.7148039509331,0.08386322661770143,0.0,0.0,"[0.3677186498737647, 0.3836585283813294, 0.44276247732102664, 0.3281285642476202]","[0.35380682778151407, 0.34844439279561973, 0.46714256069994287, 0.3289382431718328]",4,4,0.3281285642476202,0.3289382431718328,1431.003242783293,1018.5441557268427,1524.2419607370784,0.13361123758680657,0.3804206452893552,0.37233403318178304
comed,dense_tsk|p=7|r=1.5|a=0.1|k=5,dense_tsk,7,1.5,0.1,5,40,873.6010847039793,636.1326058140423,5.527966439898821,1315.6536889105155,21779.60329382472,0.0,1444,False,False,4.0,1.0,0.013766345779415646,7.307664204737067,9.060243962476964,1.6094379124341003,17.97734607964813,0.5,0.10971666736328001,0.10971666736328001,5,4,1059,2.2326869806094183,5,0.4636371376587425,1.5,873.601084703982,636.132605814042,873.601084703982,636.132605814042,954.560354225292,0.08367437294382524,0.0,0.0,"[0.36894928789995507, 0.40661548130389025, 0.44291253338345205, 0.3283025557906321]","[0.35578014238130895, 0.3508266482028367, 0.46701203768442734, 0.3292088370618067]",4,4,0.3283025557906321,0.3292088370618067,1431.003242783293,1018.5441557268427,1524.2419607370784,0.13361123758680657,0.3895184451120928,0.3737474896940281
comed,dense_tsk|p=7|r=1.5|a=1|k=5,dense_tsk,7,1.5,1.0,5,40,861.3458094285186,629.510984264719,5.527966439898821,1315.6536889105155,21779.60329382472,0.0,1444,False,False,4.0,1.0,0.00979322755210977,5.442942397305207,9.060243962476964,1.6094379124341003,16.11262427221627,0.25,0.10277843635022113,0.10277843635022113,5,4,1059,2.2326869806094183,5,0.4636371376587425,1.5,861.3458094285187,629.5109842647192,861.3458094285187,629.5109842647192,950.7923021717274,0.08334407492609791,0.0,0.0,"[0.37494492581854305, 0.42293436572831805, 0.44282929680478234, 0.32931894423968344]","[0.3666932650984597, 0.3465435786585185, 0.4662938047207744, 0.3316857720280092]",4,4,0.32931894423968344,0.3316857720280092,1431.003242783293,1018.5441557268427,1524.2419607370784,0.13361123758680657,0.39808255937058107,0.37621957230992886
comed,dense_tsk|p=7|r=2|a=0.0001|k=3,dense_tsk,7,2.0,0.0001,3,24,857.9881136761419,627.4296224686943,5.527966439898821,1315.6536889105155,21779.60329382472,0.0,1444,False,False,4.0,1.0,0.010050319718541607,2.2454675932384642,7.673949601357073,1.6094379124341003,11.528855107029637,0.25,0.09033810700644071,0.09033810700644071,3,36,1083,2.080332409972299,3,0.6003107043995564,2.0,857.988113676142,627.4296224686944,857.988113676142,627.4296224686944,958.4172126310334,0.08401245550424694,0.0,0.0,"[0.3876961264931213, 0.4161197971498431, 0.4438509095505343, 0.3221616486513204]","[0.3798288592033121, 0.31759280744806995, 0.4691825508395355, 0.3257736679253199]",4,4,0.3221616486513204,0.31759280744806995,1431.003242783293,1018.5441557268427,1524.2419607370784,0.13361123758680657,0.4004289522032388,0.3712171444436741
comed,dense_tsk|p=7|r=2|a=0.001|k=3,dense_tsk,7,2.0,0.001,3,24,857.9854773193273,627.426908937183,5.527966439898821,1315.6536889105155,21779.60329382472,0.0,1444,False,False,4.0,1.0,0.010048067293132215,2.2444252181831876,7.673949601357073,1.6094379124341003,11.527812731974361,0.25,0.09033296711550423,0.09033296711550423,3,36,1083,2.080332409972299,3,0.6003107043995564,2.0,857.9854773193271,627.4269089371827,857.9854773193271,627.4269089371827,958.4077477800784,0.0840116258390873,0.0,0.0,"[0.3876966933706111, 0.41612417892352316, 0.4438505751311083, 0.32216203945844774]","[0.37982966207662977, 0.317610783433766, 0.46918280703623444, 0.3257753245610998]",4,4,0.32216203945844774,0.317610783433766,1431.003242783293,1018.5441557268427,1524.2419607370784,0.13361123758680657,0.4004307945168941,0.3712233539899265
comed,dense_tsk|p=7|r=2|a=0.01|k=3,dense_tsk,7,2.0,0.01,3,24,857.9598923507913,627.4000353180171,5.527966439898821,1315.6536889105155,21779.60329382472,0.0,1444,False,False,4.0,1.0,0.010025753125361563,2.234218112854104,7.673949601357073,1.6094379124341003,11.517605626645278,0.25,0.09028237841773612,0.09028237841773612,3,36,1083,2.080332409972299,3,0.6003107043995564,2.0,857.9598923507912,627.4000353180169,857.9598923507912,627.4000353180169,958.3143128036642,0.08400343556277018,0.0,0.0,"[0.3877024030889022, 0.4161664796508881, 0.44384722618691624, 0.3221659410616665]","[0.379837775278374, 0.31778793159036894, 0.4691853494805626, 0.3257918973306058]",4,4,0.3221659410616665,0.31778793159036894,1431.003242783293,1018.5441557268427,1524.2419607370784,0.13361123758680657,0.4004486735599116,0.37128465329726806
comed,dense_tsk|p=7|r=2|a=0.1|k=3,dense_tsk,7,2.0,0.1,3,24,857.7693862186121,627.156635534156,5.527966439898821,1315.6536889105155,21779.60329382472,0.0,1444,False,False,4.0,1.0,0.009821081592623276,2.150450712120766,7.673949601357073,1.6094379124341003,11.433838225911938,0.25,0.08984566422368664,0.08984566422368664,3,36,1083,2.080332409972299,3,0.6003107043995564,2.0,857.7693862186121,627.1566355341562,857.7693862186121,627.1566355341562,957.4889928505826,0.0839310900801127,0.0,0.0,"[0.3877626654883343, 0.4164624947564196, 0.4438132319589232, 0.3222043405699842]","[0.3799254678874557, 0.31932597254507256, 0.4692089353072507, 0.3259580527551768]",4,4,0.3222043405699842,0.31932597254507256,1431.003242783293,1018.5441557268427,1524.2419607370784,0.13361123758680657,0.4005818012331994,0.37182611585658676
comed,dense_tsk|p=7|r=2|a=1|k=3,dense_tsk,7,2.0,1.0,3,24,858.0432979816414,627.5440500007526,5.527966439898821,1315.6536889105155,21779.60329382472,0.0,1444,False,False,4.0,1.0,0.008598151945706204,1.9281656449272466,7.673949601357073,1.6094379124341003,11.21155315871842,0.25,0.08800698646820027,0.08800698646820027,3,36,1083,2.080332409972299,3,0.6003107043995564,2.0,858.0432979816414,627.5440500007525,858.0432979816414,627.5440500007525,956.3033482959565,0.08382715944418856,0.0,0.0,"[0.38838743862865144, 0.41529940192218817, 0.4434207831441609, 0.32254143266483876]","[0.3808989200133961, 0.3199260016645004, 0.4693434895433031, 0.3276089705020629]",4,4,0.32254143266483876,0.3199260016645004,1431.003242783293,1018.5441557268427,1524.2419607370784,0.13361123758680657,0.40039038883465267,0.37260397434963904
comed,dense_tsk|p=7|r=2.5|a=0.0001|k=2,dense_tsk,7,2.5,0.0001,2,16,860.9124848105772,631.0515516721748,5.527966439898821,1315.6536889105155,21779.60329382472,0.0,1444,False,False,4.0,1.0,0.0069248954658375625,0.8460627998614338,6.980802420797129,1.6094379124341003,9.436303133092663,0.25,0.08141613988964533,0.08141613988964533,2,336,1108,1.6385041551246537,2,0.7869380841902018,2.5,860.9124848105773,631.0515516721748,860.9124848105773,631.0515516721748,959.5216598388841,0.08410926858385726,0.0,0.0,"[0.38034945116963914, 0.4212601629493947, 0.43920232062086106, 0.31903854050426717]","[0.3710470255444914, 0.33061085493378484, 0.46441105207448574, 0.3194961446081468]",4,4,0.31903854050426717,0.3194961446081468,1431.003242783293,1018.5441557268427,1524.2419607370784,0.13361123758680657,0.39838537113577216,0.37049255659194175
comed,dense_tsk|p=7|r=2.5|a=0.001|k=2,dense_tsk,7,2.5,0.001,2,16,860.9130480734289,631.0522458966283,5.527966439898821,1315.6536889105155,21779.60329382472,0.0,1444,False,False,4.0,1.0,0.0069245368703926636,0.8461154772183727,6.980802420797129,1.6094379124341003,9.436355810449601,0.25,0.08141592721485676,0.08141592721485676,2,336,1108,1.6385041551246537,2,0.7869380841902018,2.5,860.913048073429,631.0522458966283,860.913048073429,631.0522458966283,959.52287376319,0.08410937499342544,0.0,0.0,"[0.38035021203022445, 0.42125823012750035, 0.43920200995402076, 0.31903891452085004]","[0.3710482699466555, 0.3306061307315488, 0.46441108401086206, 0.319498011086627]",4,4,0.31903891452085004,0.319498011086627,1431.003242783293,1018.5441557268427,1524.2419607370784,0.13361123758680657,0.39838497752181323,0.37049176018012714
comed,dense_tsk|p=7|r=2.5|a=0.01|k=2,dense_tsk,7,2.5,0.01,2,16,860.9186887188188,631.0591860748962,5.527966439898821,1315.6536889105155,21779.60329382472,0.0,1444,False,False,4.0,1.0,0.006920954719081189,0.8466427068809976,6.980802420797129,1.6094379124341003,9.436883040112226,0.25,0.08141380553352486,0.08141380553352486,2,336,1108,1.6385041551246537,2,0.7869380841902018,2.5,860.9186887188188,631.0591860748962,860.9186887188188,631.0591860748962,959.535009616884,0.08411043879200401,0.0,0.0,"[0.3803578110962025, 0.421238899827189, 0.43919890061988187, 0.3190426504029308]","[0.3710607065686947, 0.3305589054587642, 0.4644114032632191, 0.3195166719358953]",4,4,0.3190426504029308,0.3195166719358953,1431.003242783293,1018.5441557268427,1524.2419607370784,0.13361123758680657,0.3983810357799491,0.37048379828562045
comed,dense_tsk|p=7|r=2.5|a=0.1|k=2,dense_tsk,7,2.5,0.1,2,16,860.9758904064136,631.1283821669265,5.527966439898821,1315.6536889105155,21779.60329382472,0.0,1444,False,False,4.0,1.0,0.006885509265001328,0.8519593987099721,6.980802420797129,1.6094379124341003,9.442199731941201,0.25,0.08139308775764159,0.08139308775764159,2,336,1108,1.6385041551246537,2,0.7869380841902018,2.5,860.9758904064137,631.1283821669266,860.9758904064137,631.1283821669266,959.656030760746,0.08412104720275643,0.0,0.0,"[0.3804328539964484, 0.42104539270021873, 0.43916754236368016, 0.3190795827250436]","[0.3711843368564235, 0.33008831981902964, 0.4644145845067686, 0.31970288796526664]",4,4,0.3190795827250436,0.31970288796526664,1431.003242783293,1018.5441557268427,1524.2419607370784,0.13361123758680657,0.3983410626437012,0.3704044006919448
comed,dense_tsk|p=7|r=2.5|a=1|k=2,dense_tsk,7,2.5,1.0,2,16,861.6213929002618,631.800663814943,5.527966439898821,1315.6536889105155,21779.60329382472,0.0,1444,False,False,4.0,1.0,0.006564847756344861,0.9084935635971378,6.980802420797129,1.6094379124341003,9.498733896828366,0.25,0.08122903058385261,0.08122903058385261,2,336,1108,1.6385041551246537,2,0.7869380841902018,2.5,861.6213929002621,631.8006638149433,861.6213929002621,631.8006638149433,960.8339678629337,0.08422430222267899,0.0,0.0,"[0.38109436674322134, 0.4190936009523966, 0.438829038788611, 0.3194080630060259]","[0.37235085723985994, 0.3255417055776749, 0.46444513836565704, 0.3215268552305561]",4,4,0.3194080630060259,0.3215268552305561,1431.003242783293,1018.5441557268427,1524.2419607370784,0.13361123758680657,0.397889978764539,0.36963159877956464
comed,ridge|p=14|r=none|a=0.0001|k=1,ridge,14,,0.0001,1,15,791.7278980913262,556.5075996720585,5.527966439898821,1315.6536889105155,21779.60329382472,0.0,1444,False,False,4.0,1.0,0.0073831474779467695,2.004861685680174,3.8066624897703196,1.6094379124341003,7.420962087884594,0.25,0.07629172972666293,0.07629172972666293,1,467,467,1.0,1,0.0,,791.7278980913262,556.5075996720586,791.7278980913262,556.5075996720586,835.9043218933592,0.07327328195211467,0.0,0.0,"[0.3967276047314575, 0.4830631325772418, 0.49284441292269854, 0.47043782691077507]","[0.4123434338924306, 0.4377176505807562, 0.5161976784463482, 0.4776820978953687]",4,4,0.3967276047314575,0.4123434338924306,1431.003242783293,1018.5441557268427,1524.2419607370784,0.13361123758680657,0.44673228234520274,0.45159341926977226
comed,ridge|p=14|r=none|a=0.001|k=1,ridge,14,,0.001,1,15,791.7280119563964,556.5078663943726,5.527966439898821,1315.6536889105155,21779.60329382472,0.0,1444,False,False,4.0,1.0,0.007382815117351484,2.004690015303557,3.8066624897703196,1.6094379124341003,7.420790417507977,0.25,0.07629092182485817,0.07629092182485817,1,467,467,1.0,1,0.0,,791.7280119563964,556.5078663943727,791.7280119563964,556.5078663943727,835.9047228215712,0.07327331709647887,0.0,0.0,"[0.39672804578992465, 0.48306272527564176, 0.49284436399858556, 0.470436141998598]","[0.41234381384885765, 0.43771759016331346, 0.5161973788758146, 0.477679977565624]",4,4,0.39672804578992465,0.41234381384885765,1431.003242783293,1018.5441557268427,1524.2419607370784,0.13361123758680657,0.44673220277510345,0.45159315623527885
comed,ridge|p=14|r=none|a=0.01|k=1,ridge,14,,0.01,1,15,791.7291539753996,556.5105321081359,5.527966439898821,1315.6536889105155,21779.60329382472,0.0,1444,False,False,4.0,1.0,0.007379494635516098,2.0029748585083236,3.8066624897703196,1.6094379124341003,7.419075260712743,0.25,0.07628285021616618,0.07628285021616618,1,467,467,1.0,1,0.0,,791.7291539753996,556.5105321081359,791.7291539753996,556.5105321081359,835.9087298257263,0.0732736683404401,0.0,0.0,"[0.39673245310715033, 0.48305865043382756, 0.4928438713529087, 0.470419295653353]","[0.4123476128826346, 0.43771698706203915, 0.5161943842205621, 0.4776587819533107]",4,4,0.39673245310715033,0.4123476128826346,1431.003242783293,1018.5441557268427,1524.2419607370784,0.13361123758680657,0.44673140472030587,0.45159052738483496
comed,ridge|p=14|r=none|a=0.1|k=1,ridge,14,,0.1,1,15,791.7409092570026,556.5370389467498,5.527966439898821,1315.6536889105155,21779.60329382472,0.0,1444,False,False,4.0,1.0,0.007346599175811475,1.9859771388344283,3.8066624897703196,1.6094379124341003,7.402077541038849,0.25,0.07620286966041198,0.07620286966041198,1,467,467,1.0,1,0.0,,791.7409092570026,556.53703894675,791.7409092570026,556.53703894675,835.9485730345253,0.07327716089646087,0.0,0.0,"[0.3967762010312208, 0.4830177204389185, 0.49283860624993375, 0.47025110919692326]","[0.41238555021945167, 0.4377110628040448, 0.5161645422719059, 0.47744759166834677]",4,4,0.3967762010312208,0.41238555021945167,1431.003242783293,1018.5441557268427,1524.2419607370784,0.13361123758680657,0.44672319000684363,0.4515643876971572
comed,ridge|p=14|r=none|a=1|k=1,ridge,14,,1.0,1,15,791.8903122484272,556.869800521879,5.527966439898821,1315.6536889105155,21779.60329382472,0.0,1444,False,False,4.0,1.0,0.007045800313013164,1.8305635566234888,3.8066624897703196,1.6094379124341003,7.246663958827909,0.25,0.07547156225963322,0.07547156225963322,1,467,467,1.0,1,0.0,,791.8903122484272,556.8698005218791,791.8903122484272,556.8698005218791,836.4484119438586,0.07332097552497152,0.0,0.0,"[0.397182585912728, 0.48259122191331094, 0.4927538152290081, 0.46859630120741985]","[0.4127596717417134, 0.43748462703400204, 0.5157569033671147, 0.4754096900351671]",4,4,0.397182585912728,0.4127596717417134,1431.003242783293,1018.5441557268427,1524.2419607370784,0.13361123758680657,0.4466187856372672,0.451236461474019
comed,fixed_k_dense_tsk|p=14|r=none|a=0.0001|k=8,fixed_k_dense_tsk,14,,0.0001,8,120,9028.694026197423,2533.269695600542,5.527966439898821,1315.6536889105155,21779.60329382472,0.0,1444,False,False,8.0,0.3,0.03468717125465219,402.75444308890303,9.347926034928745,1.6094379124341003,413.7118070362659,2.0,0.4300769195718848,0.4300769195718848,7,0,932,2.240304709141274,6,0.4718728208468566,1.1208059009861033,9028.694026133078,2533.2696954816606,2960.1900303925386,1272.1980808818976,2113.318079520529,0.18524817666269253,0.0,0.05263157894736842,"[0.3904895299336457, -2.2786105325920363, 0.49895700063820647, 0.4625757163739372]","[0.41296812401777605, -2.2236084628520416, 0.49747471733822607, 0.4928186940961264]",3,3,-2.2786105325920363,-2.2236084628520416,1431.003242783293,1018.5441557268427,1524.2419607370784,0.13361123758680657,-1.0686116857673824,-0.3864715274591907
comed,fixed_k_dense_tsk|p=14|r=none|a=0.001|k=8,fixed_k_dense_tsk,14,,0.001,8,120,4020.789456597353,1305.8384669932457,5.527966439898821,1315.6536889105155,21779.60329382472,0.0,1444,False,False,8.0,1.0,0.11264997203993572,38.809119031798545,9.347926034928745,1.6094379124341003,49.76648297916139,0.5,0.2526295691078905,0.2526295691078905,7,0,932,2.240304709141274,6,0.4718728208468566,1.1208059009861033,4020.7894565986558,1305.83846699198,2092.738591913079,984.6730336126861,1558.8303412421449,0.1366431685035821,0.0,0.0332409972299169,"[0.3919269882743487, -1.258189042636413, 0.4985407193531973, 0.46093770310290966]","[0.41596297119168685, -1.0689491573543373, 0.49738228150630864, 0.49189624156314543]",3,3,-1.258189042636413,-1.0689491573543373,1431.003242783293,1018.5441557268427,1524.2419607370784,0.13361123758680657,-0.4624275678388502,-0.022692184965397818
comed,fixed_k_dense_tsk|p=14|r=none|a=0.01|k=8,fixed_k_dense_tsk,14,,0.01,8,120,2270.8986156166407,980.4035096978238,5.527966439898821,1315.6536889105155,21779.60329382472,0.0,1444,False,False,4.0,1.0,0.045879287319369244,23.27391922186475,9.347926034928745,1.6094379124341003,34.231283169227595,0.5,0.1643419871436484,0.1643419871436484,7,0,932,2.240304709141274,6,0.4718728208468566,1.1208059009861033,2270.8986156175934,980.4035096980888,1620.9782070074355,864.0088922120167,1306.004000992738,0.11448104392925855,0.0,0.01662049861495845,"[0.38976854951019646, -0.6844130148796737, 0.49816751294795725, 0.45921818382335866]","[0.40830276405343285, -0.5326696158986534, 0.497473727108658, 0.49063894972633415]",3,3,-0.6844130148796737,-0.5326696158986534,1431.003242783293,1018.5441557268427,1524.2419607370784,0.13361123758680657,-0.13275648757765374,0.14317802905701865
comed,fixed_k_dense_tsk|p=14|r=none|a=0.1|k=8,fixed_k_dense_tsk,14,,0.1,8,120,1187.9790940592459,710.4618941187802,5.527966439898821,1315.6536889105155,21779.60329382472,0.0,1444,False,False,4.0,1.0,0.03899833716952701,10.303817943769197,9.347926034928745,1.6094379124341003,21.26118189113204,0.5,0.13949690779976798,0.13949690779976798,7,0,932,2.240304709141274,6,0.4718728208468566,1.1208059009861033,1187.979094059386,710.4618941188301,1137.1733183116032,701.3800479681591,1025.52640624244,0.08989507955137441,0.0,0.00554016620498615,"[0.38921143368393946, -0.05634082634171085, 0.49831578046155844, 0.4580299483688081]","[0.4065362840283951, 0.054721086898754816, 0.49812328206750195, 0.48943703256545773]",3,4,-0.05634082634171085,0.054721086898754816,1431.003242783293,1018.5441557268427,1524.2419607370784,0.13361123758680657,0.20533141762851093,0.3271892306740291
comed,fixed_k_dense_tsk|p=14|r=none|a=1|k=8,fixed_k_dense_tsk,14,,1.0,8,120,932.069944937817,641.1814852782586,5.527966439898821,1315.6536889105155,21779.60329382472,0.0,1444,False,False,4.0,1.0,0.021507184718901458,6.62619836142429,9.347926034928745,1.6094379124341003,17.583562308787137,0.5,0.11691209941791679,0.11691209941791679,7,0,932,2.240304709141274,6,0.4718728208468566,1.1208059009861033,932.069944937824,641.1814852782621,932.069944937824,641.1814852782621,956.4772296649841,0.08384240145005607,0.0,0.0,"[0.3899043362839395, 0.24548284015893534, 0.4995550976337788, 0.4547406212573338]","[0.4061419712752915, 0.2005667746556485, 0.49892791184570184, 0.4854202542892387]",4,4,0.24548284015893534,0.2005667746556485,1431.003242783293,1018.5441557268427,1524.2419607370784,0.13361123758680657,0.3486597953999368,0.37248989707483193
comed,dense_tsk|p=14|r=1.5|a=0.0001|k=8,dense_tsk,14,1.5,0.0001,8,120,9028.694026197423,2533.269695600542,5.527966439898821,1315.6536889105155,21779.60329382472,0.0,1444,False,False,8.0,0.3,0.03468717125465219,402.75444308890303,11.1396855041568,1.6094379124341003,415.50356650549395,2.0,0.43069733490056494,0.43069733490056494,7,0,932,2.240304709141274,6,0.4718728208468566,1.5,9028.694026133078,2533.2696954816606,2960.1900303925386,1272.1980808818976,2113.318079520529,0.18524817666269253,0.0,0.05263157894736842,"[0.3904895299336457, -2.2786105325920363, 0.49895700063820647, 0.4625757163739372]","[0.41296812401777605, -2.2236084628520416, 0.49747471733822607, 0.4928186940961264]",3,3,-2.2786105325920363,-2.2236084628520416,1431.003242783293,1018.5441557268427,1524.2419607370784,0.13361123758680657,-1.0686116857673824,-0.3864715274591907
comed,dense_tsk|p=14|r=1.5|a=0.001|k=8,dense_tsk,14,1.5,0.001,8,120,4020.789456597353,1305.8384669932457,5.527966439898821,1315.6536889105155,21779.60329382472,0.0,1444,False,False,8.0,1.0,0.11264997203993572,38.809119031798545,11.1396855041568,1.6094379124341003,51.55824244838944,0.5,0.25511123042261075,0.25511123042261075,7,0,932,2.240304709141274,6,0.4718728208468566,1.5,4020.7894565986558,1305.83846699198,2092.738591913079,984.6730336126861,1558.8303412421449,0.1366431685035821,0.0,0.0332409972299169,"[0.3919269882743487, -1.258189042636413, 0.4985407193531973, 0.46093770310290966]","[0.41596297119168685, -1.0689491573543373, 0.49738228150630864, 0.49189624156314543]",3,3,-1.258189042636413,-1.0689491573543373,1431.003242783293,1018.5441557268427,1524.2419607370784,0.13361123758680657,-0.4624275678388502,-0.022692184965397818
comed,dense_tsk|p=14|r=1.5|a=0.01|k=8,dense_tsk,14,1.5,0.01,8,120,2270.8986156166407,980.4035096978238,5.527966439898821,1315.6536889105155,21779.60329382472,0.0,1444,False,False,4.0,1.0,0.045879287319369244,23.27391922186475,11.1396855041568,1.6094379124341003,36.02304263845565,0.5,0.16682364845836867,0.16682364845836867,7,0,932,2.240304709141274,6,0.4718728208468566,1.5,2270.8986156175934,980.4035096980888,1620.9782070074355,864.0088922120167,1306.004000992738,0.11448104392925855,0.0,0.01662049861495845,"[0.38976854951019646, -0.6844130148796737, 0.49816751294795725, 0.45921818382335866]","[0.40830276405343285, -0.5326696158986534, 0.497473727108658, 0.49063894972633415]",3,3,-0.6844130148796737,-0.5326696158986534,1431.003242783293,1018.5441557268427,1524.2419607370784,0.13361123758680657,-0.13275648757765374,0.14317802905701865
comed,dense_tsk|p=14|r=1.5|a=0.1|k=8,dense_tsk,14,1.5,0.1,8,120,1187.9790940592459,710.4618941187802,5.527966439898821,1315.6536889105155,21779.60329382472,0.0,1444,False,False,4.0,1.0,0.03899833716952701,10.303817943769197,11.1396855041568,1.6094379124341003,23.052941360360094,0.5,0.14197856911448828,0.14197856911448828,7,0,932,2.240304709141274,6,0.4718728208468566,1.5,1187.979094059386,710.4618941188301,1137.1733183116032,701.3800479681591,1025.52640624244,0.08989507955137441,0.0,0.00554016620498615,"[0.38921143368393946, -0.05634082634171085, 0.49831578046155844, 0.4580299483688081]","[0.4065362840283951, 0.054721086898754816, 0.49812328206750195, 0.48943703256545773]",3,4,-0.05634082634171085,0.054721086898754816,1431.003242783293,1018.5441557268427,1524.2419607370784,0.13361123758680657,0.20533141762851093,0.3271892306740291
comed,dense_tsk|p=14|r=1.5|a=1|k=8,dense_tsk,14,1.5,1.0,8,120,932.069944937817,641.1814852782586,5.527966439898821,1315.6536889105155,21779.60329382472,0.0,1444,False,False,4.0,1.0,0.021507184718901458,6.62619836142429,11.1396855041568,1.6094379124341003,19.37532177801519,0.5,0.11939376073263708,0.11939376073263708,7,0,932,2.240304709141274,6,0.4718728208468566,1.5,932.069944937824,641.1814852782621,932.069944937824,641.1814852782621,956.4772296649841,0.08384240145005607,0.0,0.0,"[0.3899043362839395, 0.24548284015893534, 0.4995550976337788, 0.4547406212573338]","[0.4061419712752915, 0.2005667746556485, 0.49892791184570184, 0.4854202542892387]",4,4,0.24548284015893534,0.2005667746556485,1431.003242783293,1018.5441557268427,1524.2419607370784,0.13361123758680657,0.3486597953999368,0.37248989707483193
comed,dense_tsk|p=14|r=2|a=0.0001|k=3,dense_tsk,14,2.0,0.0001,3,45,824.8860914337843,569.2154258610682,5.527966439898821,1315.6536889105155,21779.60329382472,0.0,1444,False,False,4.0,1.0,0.021385037583866815,4.050702477440707,7.673949601357073,1.6094379124341003,13.33408999123188,0.25,0.10667347552052558,0.10667347552052558,3,119,1070,1.75,3,0.6797613897097965,2.0,824.886091433784,569.2154258610676,824.886091433784,569.2154258610676,867.4562519621929,0.07603904521893266,0.0,0.0,"[0.38275502791340216, 0.43032413135466663, 0.502720671881282, 0.48379598159962367]","[0.39619931818704957, 0.38026459505723187, 0.5031349285829994, 0.5153108704268775]",4,4,0.38275502791340216,0.38026459505723187,1431.003242783293,1018.5441557268427,1524.2419607370784,0.13361123758680657,0.42356099079874526,0.4308933395701056
comed,dense_tsk|p=14|r=2|a=0.001|k=3,dense_tsk,14,2.0,0.001,3,45,824.8789676887588,569.2164496294549,5.527966439898821,1315.6536889105155,21779.60329382472,0.0,1444,False,False,4.0,1.0,0.02137821540282576,4.049153232237943,7.673949601357073,1.6094379124341003,13.332540746029116,0.25,0.10666236180152674,0.10666236180152674,3,119,1070,1.75,3,0.6797613897097965,2.0,824.8789676887587,569.2164496294545,824.8789676887587,569.2164496294545,867.4588945664741,0.07603927686301383,0.0,0.0,"[0.3827589398736942, 0.43033273106371245, 0.5027230408616271, 0.48379274754970525]","[0.3961985063409308, 0.38026124688951374, 0.5031356344824566, 0.5153069936718927]",4,4,0.3827589398736942,0.38026124688951374,1431.003242783293,1018.5441557268427,1524.2419607370784,0.13361123758680657,0.42356596894611226,0.430891605853052
comed,dense_tsk|p=14|r=2|a=0.01|k=3,dense_tsk,14,2.0,0.01,3,45,824.8084457015393,569.2267063185429,5.527966439898821,1315.6536889105155,21779.60329382472,0.0,1444,False,False,4.0,1.0,0.021310446837812635,4.033728575422139,7.673949601357073,1.6094379124341003,13.317116089213311,0.25,0.10655186565530639,0.10655186565530639,3,119,1070,1.75,3,0.6797613897097965,2.0,824.8084457015391,569.2267063185425,824.8084457015391,569.2267063185425,867.4853050306687,0.07604159193824281,0.0,0.0,"[0.3827978423499141, 0.43041769647379285, 0.5027465762604552, 0.4837604070555124]","[0.3961903712442982, 0.3802278654267956, 0.5031426111423453, 0.5152682366453101]",4,4,0.3827978423499141,0.3802278654267956,1431.003242783293,1018.5441557268427,1524.2419607370784,0.13361123758680657,0.42361525044674847,0.43087427890308283
comed,dense_tsk|p=14|r=2|a=0.1|k=3,dense_tsk,14,2.0,0.1,3,45,824.1703332533851,569.3339312663118,5.527966439898821,1315.6536889105155,21779.60329382472,0.0,1444,False,False,4.0,1.0,0.020674811697439524,3.885998013347807,7.673949601357073,1.6094379124341003,13.16938552713898,0.25,0.10550700458120937,0.10550700458120937,3,119,1070,1.75,3,0.6797613897097965,2.0,824.1703332533851,569.3339312663117,824.1703332533851,569.3339312663117,867.752216387322,0.07606498872012328,0.0,0.0,"[0.3831663541228456, 0.4311707785681648, 0.5029672230169434, 0.4834370456967355]","[0.3961074176330679, 0.3799035510166294, 0.5032045562440202, 0.51486232538098]",4,4,0.3831663541228456,0.3799035510166294,1431.003242783293,1018.5441557268427,1524.2419607370784,0.13361123758680657,0.42406117008485694,0.43069916801942476
comed,dense_tsk|p=14|r=2|a=1|k=3,dense_tsk,14,2.0,1.0,3,45,821.7999673576,572.1383427995206,5.527966439898821,1315.6536889105155,21779.60329382472,0.0,1444,False,False,4.0,1.0,0.016725245708826164,2.8755722816721963,7.673949601357073,1.6094379124341003,12.15895979546337,0.25,0.0987584753469572,0.0987584753469572,3,119,1070,1.75,3,0.6797613897097965,2.0,821.7999673575996,572.13834279952,821.7999673575996,572.13834279952,872.7502784562688,0.07650310633909024,0.0,0.0,"[0.38552956125628457, 0.43306293395487017, 0.5041791802553598, 0.4802349296972648]","[0.39516502713198437, 0.37234265307203723, 0.5033138773530355, 0.5106219267632752]",4,4,0.38552956125628457,0.37234265307203723,1431.003242783293,1018.5441557268427,1524.2419607370784,0.13361123758680657,0.4257176065099591,0.42742012033690996
comed,dense_tsk|p=14|r=2.5|a=0.0001|k=2,dense_tsk,14,2.5,0.0001,2,30,802.1707041375372,558.3112314056527,5.527966439898821,1315.6536889105155,21779.60329382472,0.0,1444,False,False,4.0,1.0,0.014257741929146936,2.696533159413365,6.980802420797129,1.6094379124341003,11.286773492644594,0.25,0.09387494302761379,0.09387494302761379,2,391,1053,1.368421052631579,2,0.8436217473852793,2.5,802.170704137537,558.3112314056526,802.170704137537,558.3112314056526,854.087014678919,0.07486713132007496,0.0,0.0,"[0.40620154297170175, 0.446051288864914, 0.5028957811028959, 0.4813940493541997]","[0.42342637846286674, 0.3791419697641445, 0.504272970817249, 0.5144552255747258]",4,4,0.40620154297170175,0.3791419697641445,1431.003242783293,1018.5441557268427,1524.2419607370784,0.13361123758680657,0.43943474049903647,0.43966441242313803
comed,dense_tsk|p=14|r=2.5|a=0.001|k=2,dense_tsk,14,2.5,0.001,2,30,802.1710801685147,558.3129956130796,5.527966439898821,1315.6536889105155,21779.60329382472,0.0,1444,False,False,4.0,1.0,0.014255898436722972,2.6958568136334318,6.980802420797129,1.6094379124341003,11.28609714686466,0.25,0.09387122600117338,0.09387122600117338,2,391,1053,1.368421052631579,2,0.8436217473852793,2.5,802.1710801685145,558.3129956130796,802.1710801685145,558.3129956130796,854.0898684690189,0.07486738147617673,0.0,0.0,"[0.40620273596645085, 0.4460499019123229, 0.5028956609554364, 0.48139066153406085]","[0.42342660103203206, 0.37913853631118916, 0.5042717348760392, 0.5144510307248755]",4,4,0.40620273596645085,0.37913853631118916,1431.003242783293,1018.5441557268427,1524.2419607370784,0.13361123758680657,0.43943447772466504,0.4396625401547099
comed,dense_tsk|p=14|r=2.5|a=0.01|k=2,dense_tsk,14,2.5,0.01,2,30,802.1748554783228,558.3306266370968,5.527966439898821,1315.6536889105155,21779.60329382472,0.0,1444,False,False,4.0,1.0,0.014237513145492596,2.6891166240494684,6.980802420797129,1.6094379124341003,11.279356957280697,0.25,0.09383416982466886,0.09383416982466886,2,391,1053,1.368421052631579,2,0.8436217473852793,2.5,802.1748554783226,558.3306266370968,802.1748554783226,558.3306266370968,854.1183895827568,0.07486988156566517,0.0,0.0,"[0.40621465023517217, 0.44603602629931516, 0.5028944438527749, 0.4813567925939747]","[0.4234288279265998, 0.3791042203497069, 0.5042593812712269, 0.5144091068209959]",4,4,0.40621465023517217,0.3791042203497069,1431.003242783293,1018.5441557268427,1524.2419607370784,0.13361123758680657,0.4394318394987721,0.4396438284839434
comed,dense_tsk|p=14|r=2.5|a=0.1|k=2,dense_tsk,14,2.5,0.1,2,30,802.2140934423453,558.5074181799578,5.527966439898821,1315.6536889105155,21779.60329382472,0.0,1444,False,False,4.0,1.0,0.014058473095567984,2.6239708735525453,6.980802420797129,1.6094379124341003,11.214211206783775,0.25,0.0934746706320935,0.0934746706320935,2,391,1053,1.368421052631579,2,0.8436217473852793,2.5,802.2140934423451,558.5074181799578,802.2140934423451,558.5074181799578,854.404301520422,0.07489494389094968,0.0,0.0,"[0.4063322382400488, 0.4458966692726251, 0.5028807264976665, 0.4810190262151135]","[0.4234512145472744, 0.37875796352948093, 0.5041364220687008, 0.5139923116495463]",4,4,0.4063322382400488,0.37875796352948093,1431.003242783293,1018.5441557268427,1524.2419607370784,0.13361123758680657,0.43940441960002596,0.4394562520065664
comed,dense_tsk|p=14|r=2.5|a=1|k=2,dense_tsk,14,2.5,1.0,2,30,802.7411252982479,560.2062010397889,5.527966439898821,1315.6536889105155,21779.60329382472,0.0,1444,False,False,4.0,1.0,0.012636387430303275,2.1446699412573973,6.980802420797129,1.6094379124341003,10.734910274488627,0.25,0.09072488155326883,0.09072488155326883,2,391,1053,1.368421052631579,2,0.8436217473852793,2.5,802.7411252982477,560.2062010397888,802.7411252982477,560.2062010397888,857.1576404630366,0.07513629469554294,0.0,0.0,"[0.4073647750187278, 0.44445011195633, 0.5026039694737185, 0.47773062149791934]","[0.4236844929333046, 0.37536434440145816, 0.5029609017908805, 0.5100541494047423]",4,4,0.4073647750187278,0.37536434440145816,1431.003242783293,1018.5441557268427,1524.2419607370784,0.13361123758680657,0.43903612423901933,0.43764988594819915
comed,ridge|p=28|r=none|a=0.0001|k=1,ridge,28,,0.0001,1,29,756.6516422300087,507.00218964307123,5.527966439898821,1315.6536889105155,21779.60329382472,0.0,1444,False,False,4.0,1.0,0.014578944816384888,2.2252025883160016,3.8066624897703196,1.6094379124341003,7.641302990520422,0.25,0.08409788967628062,0.08409788967628062,1,453,453,1.0,1,0.0,,756.651642230009,507.00218964307186,756.651642230009,507.00218964307186,761.8588085853652,0.06678263747067859,0.0,0.0,"[0.4271362804207433, 0.48916088327615387, 0.5300225363667205, 0.5302557691528768]","[0.4499636970464887, 0.4794794862917588, 0.5724840887502751, 0.5549335785332695]",4,4,0.4271362804207433,0.4499636970464887,1431.003242783293,1018.5441557268427,1524.2419607370784,0.13361123758680657,0.4712439359967306,0.5001720014209865
comed,ridge|p=28|r=none|a=0.001|k=1,ridge,28,,0.001,1,29,756.6520278129705,507.00285224254674,5.527966439898821,1315.6536889105155,21779.60329382472,0.0,1444,False,False,4.0,1.0,0.01457800914940504,2.225091318565371,3.8066624897703196,1.6094379124341003,7.6411917207697915,0.25,0.08409664578284473,0.08409664578284473,1,453,453,1.0,1,0.0,,756.6520278129705,507.0028522425473,756.6520278129705,507.0028522425473,761.8598144303842,0.06678272564053696,0.0,0.0,"[0.4271362057438051, 0.4891605543928765, 0.5300221787951511, 0.5302547138069583]","[0.4499625779003512, 0.47947971186351174, 0.5724833734139325, 0.5549321257896199]",4,4,0.4271362057438051,0.4499625779003512,1431.003242783293,1018.5441557268427,1524.2419607370784,0.13361123758680657,0.47124366654733313,0.5001713415224632
comed,ridge|p=28|r=none|a=0.01|k=1,ridge,28,,0.01,1,29,756.6558862403897,507.00947659463844,5.527966439898821,1315.6536889105155,21779.60329382472,0.0,1444,False,False,4.0,1.0,0.014568662282024285,2.223979463909665,3.8066624897703196,1.6094379124341003,7.640079866114085,0.25,0.08408421898566978,0.08408421898566978,1,453,453,1.0,1,0.0,,756.6558862403897,507.0094765946389,756.6558862403897,507.0094765946389,761.869870382215,0.06678360712012081,0.0,0.0,"[0.42713545681366627, 0.4891572638217945, 0.5300186012351135, 0.5302441604230013]","[0.44995138888888647, 0.4794819672433551, 0.5724762219714175, 0.5549176020229813]",4,4,0.42713545681366627,0.44995138888888647,1431.003242783293,1018.5441557268427,1524.2419607370784,0.13361123758680657,0.47124097023798606,0.5001647441763135
comed,ridge|p=28|r=none|a=0.1|k=1,ridge,28,,0.1,1,29,756.6947290493911,507.07555632349903,5.527966439898821,1315.6536889105155,21779.60329382472,0.0,1444,False,False,4.0,1.0,0.014476163480156649,2.2129448395999023,3.8066624897703196,1.6094379124341003,7.629045241804322,0.25,0.08396115335745931,0.08396115335745931,1,453,453,1.0,1,0.0,,756.6947290493911,507.07555632349954,756.6947290493911,507.07555632349954,761.9701807839415,0.06679240007902283,0.0,0.0,"[0.4271277524611011, 0.48912418504671423, 0.5299826421617069, 0.5301386343796878]","[0.4498397431327542, 0.4795044873563786, 0.5724048990280982, 0.5547727302309542]",4,4,0.4271277524611011,0.4498397431327542,1431.003242783293,1018.5441557268427,1524.2419607370784,0.13361123758680657,0.4712138264776925,0.5000989341511927
comed,ridge|p=28|r=none|a=1|k=1,ridge,28,,1.0,1,29,757.1078128984769,507.76048540810467,5.527966439898821,1315.6536889105155,21779.60329382472,0.0,1444,False,False,4.0,1.0,0.013638789456411149,2.110638127834784,3.8066624897703196,1.6094379124341003,7.526738530039204,0.25,0.08284038124018162,0.08284038124018162,1,453,453,1.0,1,0.0,,757.1078128984769,507.76048540810524,757.1078128984769,507.76048540810524,763.0091476904279,0.06688347331920594,0.0,0.0,"[0.4270301880240654, 0.48877683041561054, 0.5296056254983702, 0.5290844152465212]","[0.44874292269371185, 0.4796054105005886, 0.5717102288844637, 0.5533595264347857]",4,4,0.4270301880240654,0.44874292269371185,1431.003242783293,1018.5441557268427,1524.2419607370784,0.13361123758680657,0.47092515917301025,0.4994173055559636
comed,fixed_k_dense_tsk|p=28|r=none|a=0.0001|k=8,fixed_k_dense_tsk,28,,0.0001,8,232,19878.900909781492,4071.600673299568,5.527966439898821,1315.6536889105155,21779.60329382472,0.0,1444,False,False,4.0,1.0,0.06498665979505225,12.680595843234112,9.347926034928745,1.6094379124341003,23.63795979059696,0.5,0.1687771665741366,0.1687771665741366,7,0,791,1.8192520775623269,7,0.5198449314539133,1.210096366143971,19878.900909356336,4071.6006731622933,3070.299464611694,1267.5467323672985,2299.374600133711,0.20155742586365352,0.0,0.04986149584487535,"[0.41660177115249764, -2.4162959272238336, 0.54936974069707, 0.5349983573789807]","[0.4479412490461837, -2.728588535608306, 0.5667469532037628, 0.565648453610369]",3,3,-2.4162959272238336,-2.728588535608306,1431.003242783293,1018.5441557268427,1524.2419607370784,0.13361123758680657,-1.14555730750126,-0.5085364786977792
comed,fixed_k_dense_tsk|p=28|r=none|a=0.001|k=8,fixed_k_dense_tsk,28,,0.001,8,232,3377.995246508108,1093.4817731349438,5.527966439898821,1315.6536889105155,21779.60329382472,0.0,1444,False,False,4.0,1.0,0.0642259996878288,12.45839729640122,9.347926034928745,1.6094379124341003,23.415761243764067,0.5,0.167708752246923,0.167708752246923,7,0,791,1.8192520775623269,7,0.5198449314539133,1.210096366143971,3377.9952465172323,1093.481773137783,2163.266309470015,937.3286049908407,1637.2725534860626,0.14351921661597536,0.0,0.013850415512465374,"[0.4165333433611951, -1.3559656930593564, 0.5491759579406328, 0.5349370081091342]","[0.44804670387298884, -1.3466847992452073, 0.5667610762008998, 0.5654604516682659]",3,3,-1.3559656930593564,-1.3466847992452073,1431.003242783293,1018.5441557268427,1524.2419607370784,0.13361123758680657,-0.5117130728945622,-0.07415528220619641
comed,fixed_k_dense_tsk|p=28|r=none|a=0.01|k=8,fixed_k_dense_tsk,28,,0.01,8,232,1205.6198347292088,696.0614556794039,5.527966439898821,1315.6536889105155,21779.60329382472,0.0,1444,False,False,4.0,1.0,0.06225373752980728,12.429957656964026,9.347926034928745,1.6094379124341003,23.38732160432687,0.5,0.1656971000065785,0.1656971000065785,7,0,791,1.8192520775623269,7,0.5198449314539133,1.210096366143971,1205.6198347313352,696.0614556800277,1205.6198347313352,696.0614556800277,1150.6259928537795,0.1008609963935116,0.0,0.0,"[0.4165077705058291, -0.1793934213224255, 0.5491322690155277, 0.5348928071960823]","[0.44793986244683826, -0.330761912290483, 0.5666857371298518, 0.5653895129318036]",3,3,-0.1793934213224255,-0.330761912290483,1431.003242783293,1018.5441557268427,1524.2419607370784,0.13361123758680657,0.15750027764688243,0.24511591827758716
comed,fixed_k_dense_tsk|p=28|r=none|a=0.1|k=8,fixed_k_dense_tsk,28,,0.1,8,232,1059.8852168745009,656.9941755844324,5.527966439898821,1315.6536889105155,21779.60329382472,0.0,1444,False,False,4.0,1.0,0.056639513239425,12.187741835494025,9.347926034928745,1.6094379124341003,23.14510578285687,0.5,0.15974739673909094,0.15974739673909094,7,0,791,1.8192520775623269,7,0.5198449314539133,1.210096366143971,1059.8852168746178,656.9941755844732,1059.8852168746178,656.9941755844732,1070.681289872547,0.0938532437013689,0.0,0.0,"[0.4164196743105007, 0.01759310644896663, 0.5490761649460225, 0.5346949052537788]","[0.44694725809625435, -0.1622566887500676, 0.5659777809122504, 0.5651140619489686]",4,3,0.01759310644896663,-0.1622566887500676,1431.003242783293,1018.5441557268427,1524.2419607370784,0.13361123758680657,0.25934114949093534,0.2975647453277056
comed,fixed_k_dense_tsk|p=28|r=none|a=1|k=8,fixed_k_dense_tsk,28,,1.0,8,232,1053.0527732690484,657.2666743076841,5.527966439898821,1315.6536889105155,21779.60329382472,0.0,1444,False,False,4.0,1.0,0.032213501576497106,11.413232375601568,9.347926034928745,1.6094379124341003,22.370596322964413,0.5,0.13424865729237848,0.13424865729237848,7,0,791,1.8192520775623269,7,0.5198449314539133,1.210096366143971,1053.0527732690582,657.2666743076868,1053.0527732690582,657.2666743076868,1069.8839957520756,0.09378335489309508,0.0,0.0,"[0.4148288158529415, 0.028609074593223385, 0.5474910974927191, 0.5326155948461678]","[0.43898545855985566, -0.1460176126420446, 0.5588187887026819, 0.5620533068737905]",4,3,0.028609074593223385,-0.1460176126420446,1431.003242783293,1018.5441557268427,1524.2419607370784,0.13361123758680657,0.26411573238584934,0.2980878211522852
comed,dense_tsk|p=28|r=1.5|a=0.0001|k=7,dense_tsk,28,1.5,0.0001,7,203,21639.593340268137,4838.388923296871,5.527966439898821,1315.6536889105155,21779.60329382472,0.0,1444,False,False,4.0,1.0,0.06511120091240201,12.911162169068023,10.446538323596855,1.6094379124341003,24.96713840509898,0.5,0.17074267530159998,0.17074267530159998,7,2,791,1.8310249307479225,6,0.5551259534536783,1.5,21639.59333748685,4838.388922490799,2574.765852978944,1115.2806720124504,1642.768239474782,0.14400095470300858,0.0,0.05263157894736842,"[0.41683930520309326, -1.839854003464834, 0.5493296632845194, 0.5350027590128172]","[0.4481106680188591, -1.358492090937643, 0.5669417099309366, 0.565783337220805]",3,3,-1.839854003464834,-1.358492090937643,1431.003242783293,1018.5441557268427,1524.2419607370784,0.13361123758680657,-0.7992732483058805,-0.07776080293734183
comed,dense_tsk|p=28|r=1.5|a=0.001|k=7,dense_tsk,28,1.5,0.001,7,203,3275.480386603216,1137.9762552217187,5.527966439898821,1315.6536889105155,21779.60329382472,0.0,1444,False,False,4.0,1.0,0.06491984581530863,12.468992955110227,10.446538323596855,1.6094379124341003,24.52496919114118,0.5,0.169938897470493,0.169938897470493,7,2,791,1.8310249307479225,6,0.5551259534536783,1.5,3275.480386563147,1137.9762552048676,2235.467956933748,965.9218118546332,1398.0863663839132,0.12255275374748581,0.0,0.030470914127423823,"[0.41656380437468365, -1.4413290658014006, 0.5491688645070192, 0.5349387025504276]","[0.4480729044376179, -0.8475135198091519, 0.5667896023621873, 0.5654840162308199]",3,3,-1.4413290658014006,-0.8475135198091519,1431.003242783293,1018.5441557268427,1524.2419607370784,0.13361123758680657,-0.5621683376382683,0.08276612086716216
comed,dense_tsk|p=28|r=1.5|a=0.01|k=7,dense_tsk,28,1.5,0.01,7,203,1097.297628123907,647.2605851881341,5.527966439898821,1315.6536889105155,21779.60329382472,0.0,1444,False,False,4.0,1.0,0.06245712737725324,12.4312050864306,10.446538323596855,1.6094379124341003,24.487181322461552,0.5,0.16742384126418328,0.16742384126418328,7,2,791,1.8310249307479225,6,0.5551259534536783,1.5,1097.297628122311,647.2605851877034,1097.297628122311,647.2605851877034,1043.7989683011758,0.09149680663502509,0.0,0.0,"[0.41650673231315144, -0.03408972804881821, 0.5491297789471344, 0.5348956996908555]","[0.44794354232757894, -0.1078030814769759, 0.5666916838060672, 0.5653947319319236]",3,3,-0.03408972804881821,-0.1078030814769759,1431.003242783293,1018.5441557268427,1524.2419607370784,0.13361123758680657,0.23319696607530155,0.3152012638489329
comed,dense_tsk|p=28|r=1.5|a=0.1|k=7,dense_tsk,28,1.5,0.1,7,203,1068.593975884615,658.8114580209468,5.527966439898821,1315.6536889105155,21779.60329382472,0.0,1444,False,False,4.0,1.0,0.056677859629038464,12.206425746648144,10.446538323596855,1.6094379124341003,24.262401982679098,0.5,0.16133324479050803,0.16133324479050803,7,2,791,1.8310249307479225,6,0.5551259534536783,1.5,1068.593975884426,658.8114580208895,1068.593975884426,658.8114580208895,1074.2827403722133,0.09416893784361345,0.0,0.0,"[0.4164154914366546, 0.005506606339549721, 0.5490744356114179, 0.5346978594960043]","[0.4469484911913798, -0.1697787359276686, 0.5659812809934036, 0.5651172590402525]",4,3,0.005506606339549721,-0.1697787359276686,1431.003242783293,1018.5441557268427,1524.2419607370784,0.13361123758680657,0.2532553778103137,0.2952019639633055
comed,dense_tsk|p=28|r=1.5|a=1|k=7,dense_tsk,28,1.5,1.0,7,203,1073.5233954654184,664.0858212055989,5.527966439898821,1315.6536889105155,21779.60329382472,0.0,1444,False,False,4.0,1.0,0.03155845189427981,11.486857985727218,10.446538323596855,1.6094379124341003,23.54283422175817,0.5,0.13521720580793645,0.13521720580793645,7,2,791,1.8310249307479225,6,0.5551259534536783,1.5,1073.5233954653972,664.0858212055908,1073.5233954653972,664.0858212055908,1084.114110111072,0.09503073112303949,0.0,0.0,"[0.41482529390901374, 0.00013866903163794577, 0.5474909504804566, 0.5326179973832444]","[0.4389861032650106, -0.17572354964683462, 0.5588234985741349, 0.562055595123451]",4,3,0.00013866903163794577,-0.17572354964683462,1431.003242783293,1018.5441557268427,1524.2419607370784,0.13361123758680657,0.24981064796373173,0.28875195799830466
comed,dense_tsk|p=28|r=2|a=0.0001|k=2,dense_tsk,28,2.0,0.0001,2,58,809.1741585644817,548.6187281695034,5.527966439898821,1315.6536889105155,21779.60329382472,0.0,1444,False,False,4.0,1.0,0.02957720465044651,4.774622903699519,6.980802420797129,1.6094379124341003,13.364863236930749,0.25,0.11495088703502458,0.11495088703502458,2,326,1118,1.2354570637119113,2,0.7696136957101513,2.0,809.1741585644817,548.6187281695024,809.1741585644817,548.6187281695024,843.9071622843537,0.07397479092273335,0.0,0.0,"[0.42127142123404454, 0.40227607586983466, 0.5222101963717832, 0.5314250709787169]","[0.43836646679704155, 0.33494244194097567, 0.5484139175682409, 0.5583700286845694]",4,4,0.40227607586983466,0.33494244194097567,1431.003242783293,1018.5441557268427,1524.2419607370784,0.13361123758680657,0.4345406534574704,0.44634304524967605
comed,dense_tsk|p=28|r=2|a=0.001|k=2,dense_tsk,28,2.0,0.001,2,58,809.1753786470543,548.6198711123064,5.527966439898821,1315.6536889105155,21779.60329382472,0.0,1444,False,False,4.0,1.0,0.029571918539158314,4.7741035974146975,6.980802420797129,1.6094379124341003,13.364343930645926,0.25,0.11494416240217178,0.11494416240217178,2,326,1118,1.2354570637119113,2,0.7696136957101513,2.0,809.1753786470542,548.6198711123056,809.1753786470542,548.6198711123056,843.9092512598764,0.07397497403710238,0.0,0.0,"[0.4212709871552595, 0.4022749369513253, 0.5222093386626039, 0.5314232545354244]","[0.43836360901466276, 0.3349434538809926, 0.5484121773447914, 0.5583674205544438]",4,4,0.4022749369513253,0.3349434538809926,1431.003242783293,1018.5441557268427,1524.2419607370784,0.13361123758680657,0.43453980085103594,0.44634167474841935
comed,dense_tsk|p=28|r=2|a=0.01|k=2,dense_tsk,28,2.0,0.01,2,58,809.1875868006733,548.6312912095999,5.527966439898821,1315.6536889105155,21779.60329382472,0.0,1444,False,False,4.0,1.0,0.029519222771459148,4.7689250252119475,6.980802420797129,1.6094379124341003,13.359165358443176,0.25,0.11487712155911875,0.11487712155911875,2,326,1118,1.2354570637119113,2,0.7696136957101513,2.0,809.1875868006731,548.6312912095991,809.1875868006731,548.6312912095991,843.9301254728516,0.07397680381839766,0.0,0.0,"[0.4212666396255303, 0.4022635435638964, 0.5222007569652567, 0.5314050888377229]","[0.4383350525876752, 0.33495357528868525, 0.5483947809863243, 0.5583413479022759]",4,4,0.4022635435638964,0.33495357528868525,1431.003242783293,1018.5441557268427,1524.2419607370784,0.13361123758680657,0.43453126966588285,0.4463279799325614
comed,dense_tsk|p=28|r=2|a=0.1|k=2,dense_tsk,28,2.0,0.1,2,58,809.3103855867965,548.7445668544347,5.527966439898821,1315.6536889105155,21779.60329382472,0.0,1444,False,False,4.0,1.0,0.029008226246217992,4.718547443534624,6.980802420797129,1.6094379124341003,13.308787776765854,0.25,0.11422657494612876,0.11422657494612876,2,326,1118,1.2354570637119113,2,0.7696136957101513,2.0,809.3103855867965,548.7445668544336,809.3103855867965,548.7445668544336,844.1373263522696,0.07399496652920162,0.0,0.0,"[0.4212225015754332, 0.40214920323742126, 0.5221144829308059, 0.531223308061795]","[0.43805160879730115, 0.3350549869298552, 0.5482214020116828, 0.5580814826368545]",4,4,0.40214920323742126,0.3350549869298552,1431.003242783293,1018.5441557268427,1524.2419607370784,0.13361123758680657,0.43444545659261224,0.4461920429325606
comed,dense_tsk|p=28|r=2|a=1|k=2,dense_tsk,28,2.0,1.0,2,58,810.5967834748799,549.8137233907239,5.527966439898821,1315.6536889105155,21779.60329382472,0.0,1444,False,False,4.0,1.0,0.025080543745435523,4.324576741264232,6.980802420797129,1.6094379124341003,12.91481707449546,0.25,0.10920756086010974,0.10920756086010974,2,326,1118,1.2354570637119113,2,0.7696136957101513,2.0,810.5967834748797,549.8137233907228,810.5967834748797,549.8137233907228,846.0998341363292,0.07416699505259639,0.0,0.0,"[0.420724753499859, 0.40097673047516935, 0.5212093413200136, 0.5293955839356382]","[0.43534674777800053, 0.33608602805658055, 0.5465432464625538, 0.5555654665533931]",4,4,0.40097673047516935,0.33608602805658055,1431.003242783293,1018.5441557268427,1524.2419607370784,0.13361123758680657,0.4335465083235775,0.4449045125833039
comed,dense_tsk|p=28|r=2.5|a=0.0001|k=2,dense_tsk,28,2.5,0.0001,2,58,809.1741585644817,548.6187281695034,5.527966439898821,1315.6536889105155,21779.60329382472,0.0,1444,False,False,4.0,1.0,0.02957720465044651,4.774622903699519,6.980802420797129,1.6094379124341003,13.364863236930749,0.25,0.11495088703502458,0.11495088703502458,2,326,1118,1.2354570637119113,2,0.7696136957101513,2.5,809.1741585644817,548.6187281695024,809.1741585644817,548.6187281695024,843.9071622843537,0.07397479092273335,0.0,0.0,"[0.42127142123404454, 0.40227607586983466, 0.5222101963717832, 0.5314250709787169]","[0.43836646679704155, 0.33494244194097567, 0.5484139175682409, 0.5583700286845694]",4,4,0.40227607586983466,0.33494244194097567,1431.003242783293,1018.5441557268427,1524.2419607370784,0.13361123758680657,0.4345406534574704,0.44634304524967605
comed,dense_tsk|p=28|r=2.5|a=0.001|k=2,dense_tsk,28,2.5,0.001,2,58,809.1753786470543,548.6198711123064,5.527966439898821,1315.6536889105155,21779.60329382472,0.0,1444,False,False,4.0,1.0,0.029571918539158314,4.7741035974146975,6.980802420797129,1.6094379124341003,13.364343930645926,0.25,0.11494416240217178,0.11494416240217178,2,326,1118,1.2354570637119113,2,0.7696136957101513,2.5,809.1753786470542,548.6198711123056,809.1753786470542,548.6198711123056,843.9092512598764,0.07397497403710238,0.0,0.0,"[0.4212709871552595, 0.4022749369513253, 0.5222093386626039, 0.5314232545354244]","[0.43836360901466276, 0.3349434538809926, 0.5484121773447914, 0.5583674205544438]",4,4,0.4022749369513253,0.3349434538809926,1431.003242783293,1018.5441557268427,1524.2419607370784,0.13361123758680657,0.43453980085103594,0.44634167474841935
comed,dense_tsk|p=28|r=2.5|a=0.01|k=2,dense_tsk,28,2.5,0.01,2,58,809.1875868006733,548.6312912095999,5.527966439898821,1315.6536889105155,21779.60329382472,0.0,1444,False,False,4.0,1.0,0.029519222771459148,4.7689250252119475,6.980802420797129,1.6094379124341003,13.359165358443176,0.25,0.11487712155911875,0.11487712155911875,2,326,1118,1.2354570637119113,2,0.7696136957101513,2.5,809.1875868006731,548.6312912095991,809.1875868006731,548.6312912095991,843.9301254728516,0.07397680381839766,0.0,0.0,"[0.4212666396255303, 0.4022635435638964, 0.5222007569652567, 0.5314050888377229]","[0.4383350525876752, 0.33495357528868525, 0.5483947809863243, 0.5583413479022759]",4,4,0.4022635435638964,0.33495357528868525,1431.003242783293,1018.5441557268427,1524.2419607370784,0.13361123758680657,0.43453126966588285,0.4463279799325614
comed,dense_tsk|p=28|r=2.5|a=0.1|k=2,dense_tsk,28,2.5,0.1,2,58,809.3103855867965,548.7445668544347,5.527966439898821,1315.6536889105155,21779.60329382472,0.0,1444,False,False,4.0,1.0,0.029008226246217992,4.718547443534624,6.980802420797129,1.6094379124341003,13.308787776765854,0.25,0.11422657494612876,0.11422657494612876,2,326,1118,1.2354570637119113,2,0.7696136957101513,2.5,809.3103855867965,548.7445668544336,809.3103855867965,548.7445668544336,844.1373263522696,0.07399496652920162,0.0,0.0,"[0.4212225015754332, 0.40214920323742126, 0.5221144829308059, 0.531223308061795]","[0.43805160879730115, 0.3350549869298552, 0.5482214020116828, 0.5580814826368545]",4,4,0.40214920323742126,0.3350549869298552,1431.003242783293,1018.5441557268427,1524.2419607370784,0.13361123758680657,0.43444545659261224,0.4461920429325606
comed,dense_tsk|p=28|r=2.5|a=1|k=2,dense_tsk,28,2.5,1.0,2,58,810.5967834748799,549.8137233907239,5.527966439898821,1315.6536889105155,21779.60329382472,0.0,1444,False,False,4.0,1.0,0.025080543745435523,4.324576741264232,6.980802420797129,1.6094379124341003,12.91481707449546,0.25,0.10920756086010974,0.10920756086010974,2,326,1118,1.2354570637119113,2,0.7696136957101513,2.5,810.5967834748797,549.8137233907228,810.5967834748797,549.8137233907228,846.0998341363292,0.07416699505259639,0.0,0.0,"[0.420724753499859, 0.40097673047516935, 0.5212093413200136, 0.5293955839356382]","[0.43534674777800053, 0.33608602805658055, 0.5465432464625538, 0.5555654665533931]",4,4,0.40097673047516935,0.33608602805658055,1431.003242783293,1018.5441557268427,1524.2419607370784,0.13361123758680657,0.4335465083235775,0.4449045125833039
