timestamp,actual,seasonal_naive_7d,deployed_forecast,ridge_forecast,fixed_k_dense_tsk_forecast,dense_tsk_forecast,sarima_posthoc_forecast,ets_posthoc_forecast
2017-04-09,24313.2083333333,25030.9583333333,25511.28504601354,25511.28504601354,25261.5750215101,25511.28507388585,25012.079505252983,24843.474139477057
2017-04-10,26390.9166666667,27127.8333333333,25893.670706415967,25893.670706415967,25534.336359893645,25893.67073535986,26688.24997725401,26537.87025628362
2017-04-11,27239.75,27223.0833333333,27044.62035663552,27044.62035663552,27436.003949492497,27044.620339580128,26616.53784391992,26531.71646839953
2017-04-12,27224.5833333333,26382.0833333333,27377.00187361222,27377.00187361222,27225.994698434843,27377.001887876555,27116.521369259415,27383.673853851695
2017-04-13,25771.125,27916.375,28469.51779312671,28469.51779312671,28031.11727050384,28469.517807916225,27342.729415732232,28183.54071746354
2017-04-14,24680.0,28840.25,25672.395352384017,25672.395352384017,26361.80040326649,25672.395432052475,25430.6580931552,26187.859042283846
2017-04-15,23478.7083333333,26007.625,23458.194616566358,23458.194616566358,24946.022349091996,23458.19462045445,22318.64573213723,22188.08728673888
2017-04-16,24052.3333333333,24313.2083333333,24123.64051944178,24123.64051944178,24074.91548423789,24123.64053297632,23043.66624833501,22211.55579862311
2017-04-17,26608.3333333333,26390.9166666667,26137.89858511282,26137.89858511282,25665.272867955056,26137.89858609224,26920.808098231395,26164.555741806424
2017-04-18,25761.4583333333,27239.75,27146.75578841365,27146.75578841365,27938.67609721624,27146.75578914867,26843.31802178776,26764.081238074603
2017-04-19,26191.7916666667,27224.5833333333,25425.151990551774,25425.151990551774,25888.42112593648,25425.15203454335,25140.04559760192,25953.098083247103
2017-04-20,26839.4166666667,25771.125,27769.61019537425,27769.61019537425,26783.13664361249,27769.61016667184,26549.991051225214,27000.784380540957
2017-04-21,26598.375,24680.0,27139.91360777061,27139.91360777061,26319.458967756455,27139.91365765193,27019.469324261012,27179.98405373183
2017-04-22,24219.0833333333,23478.7083333333,25049.004578712025,25049.004578712025,25650.872211415463,25049.004584879756,24359.05316923428,24212.368282219802
2017-04-23,23208.5416666667,24052.3333333333,23711.901804573,23711.901804573,24255.62504588324,23711.90183667249,23433.448702696638,23055.67777559227
2017-04-24,26415.0416666667,26608.3333333333,25426.836495665066,25426.836495665066,24611.63953280145,25426.83649913731,25710.761669660256,25337.220121349146
2017-04-25,27245.6666666667,25761.4583333333,27504.86348127485,27504.86348127485,27596.898154171835,27504.86346791886,26921.206540029343,26453.105564251062
2017-04-26,26909.0416666667,26191.7916666667,27166.264402820925,27166.264402820925,27057.50098843094,27166.264419323557,27060.33176652213,27405.97592416208
2017-04-27,27539.7083333333,26839.4166666667,27284.82908634404,27284.82908634404,27307.929898265706,27284.82909799668,26925.96251298666,27737.01629352595
2017-04-28,28813.0,26598.375,27438.31015416322,27438.31015416322,27518.18382957059,27438.31015141001,27807.281474578875,27858.53705170136
2017-04-29,28435.125,24219.0833333333,27460.693262608464,27460.693262608464,27429.515863155524,27460.69323195493,26990.04952498909,26373.382251984338
2017-04-30,25923.2916666667,23208.5416666667,27710.298742459912,27710.298742459912,26999.64733283177,27710.29874358345,28112.75759329084,27163.7403452657
2017-05-01,28422.2083333333,26415.0416666667,26989.76537776499,26989.76537776499,25759.01366642221,26989.76543111465,27859.281753224353,28183.107162578683
2017-05-02,28546.9166666667,27245.6666666667,29349.150984589854,29349.150984589854,29229.697909605547,29349.15093281169,28900.256240803334,28491.5796674401
2017-05-03,26222.0,26909.0416666667,27894.624868949275,27894.624868949275,27628.91965578908,27894.624921589708,28159.102828058105,28675.98572713264
2017-05-04,25993.375,27539.7083333333,26038.406058082222,26038.406058082222,26464.392731395037,26038.406092192337,25723.93279681514,27177.62758220154
2017-05-05,27039.125,28813.0,26626.6063656712,26626.6063656712,27517.775259168426,26626.60636069336,26189.57731643203,26433.18393189452
2017-05-06,24058.0833333333,28435.125,26747.988500155014,26747.988500155014,27404.298160441176,26747.988492172168,25214.99751637477,24681.857239898112
2017-05-07,23493.0416666667,25923.2916666667,23392.551882654145,23392.551882654145,24222.69232331295,23392.55198486787,22918.29798428222,22751.815383213
2017-05-08,26270.875,28422.2083333333,26299.453787660197,26299.453787660197,26010.903610957517,26299.453744553062,26246.729199950893,25724.45357056983
2017-05-09,26355.3333333333,28546.9166666667,27469.288845007184,27469.288845007184,27825.155662188983,27469.28886528515,26584.280149540537,26312.4672777628
2017-05-10,26309.125,26222.0,26009.683915708712,26009.683915708712,26153.57465049124,26009.68395505921,25951.539887837444,26343.163571942136
2017-05-11,26501.6666666667,25993.375,27312.386791287863,27312.386791287863,27056.050718806662,27312.3867782472,26483.821007264705,27199.68869942805
2017-05-12,26095.4583333333,27039.125,27245.41077291089,27245.41077291089,26676.343137573524,27245.41080141767,26647.30854066093,27015.23656963183
2017-05-13,24752.3333333333,24058.0833333333,25016.063078939336,25016.063078939336,25324.248192369807,25016.06311386073,23832.205026606778,23754.9345798584
2017-05-14,23284.9166666667,23493.0416666667,24682.52637065128,24682.52637065128,24721.317838065712,24682.526373014967,24234.65093561189,23431.574535935375
2017-05-15,25825.8333333333,26270.875,25579.474029898607,25579.474029898607,24400.14599529019,25579.47406733757,25591.44362808808,25555.533822671656
2017-05-16,27120.25,26355.3333333333,27015.38698899369,27015.38698899369,27303.58499320597,27015.38698404318,26195.8590437747,25854.56043685128
2017-05-17,31820.375,26309.125,26896.39568353197,26896.39568353197,27182.583050236222,26896.39568627705,27066.068692685567,27034.558825841585
2017-05-18,37262.4583333333,26501.6666666667,32861.90552778193,32861.90552778193,31748.092356190013,32861.905393487024,33302.4645159631,32400.735725841136
2017-05-19,38032.5833333333,26095.4583333333,36685.55869037582,36685.55869037582,34475.02195139865,36685.5586316445,38563.292570868165,37448.98745101849
2017-05-20,26228.5833333333,24752.3333333333,34233.066956969,34233.066956969,35498.957881704875,34233.06695257653,35795.18979971424,35715.46706860428
2017-05-21,23189.2916666667,23284.9166666667,22194.67372017632,22194.67372017632,22400.98471841773,22194.6739623456,22582.729614613487,25436.17087444539
2017-05-22,26889.125,25825.8333333333,26784.34720566914,26784.34720566914,25681.159648766046,26784.347076306432,25956.2319756178,25602.2974734755
2017-05-23,26905.1666666667,27120.25,28104.208266728176,28104.208266728176,28820.31817181017,28104.20832661997,27492.084082490586,26916.656397363404
2017-05-24,26870.375,31820.375,26879.469217099904,26879.469217099904,29046.1938367868,26879.469234628345,26532.910292953326,27090.843556397253
2017-05-25,27083.7916666667,37262.4583333333,28785.506464529262,28785.506464529262,31269.919890443867,28785.50647030408,27181.380760541746,27738.218826525313
2017-05-26,26921.125,38032.5833333333,28226.32768968165,28226.32768968165,29489.762072084803,28226.32772406728,27197.714129546326,27340.351739781378
2017-05-27,24595.5833333333,26228.5833333333,24528.878077725203,24528.878077725203,26193.300564011723,24528.878123651197,24507.29473498336,24091.08073533149
2017-05-28,24107.7083333333,23189.2916666667,24283.652766720184,24283.652766720184,24267.68818420926,24283.652755401643,23755.850295870518,23647.534113216898
2017-05-29,24528.4166666667,26889.125,26470.062757002772,26470.062757002772,25565.91878738002,26470.06276340302,26827.914356035184,26567.47524141779
2017-05-30,26965.2083333333,26905.1666666667,24837.953888621578,24837.953888621578,25728.250899219594,24837.95396696552,24164.52967761756,24670.64106933872
2017-05-31,28798.9583333333,26870.375,29488.081497749416,29488.081497749416,28008.58987101398,29488.081408665614,27602.03380726049,27008.61778906503
2017-06-01,29537.125,27083.7916666667,30725.480681104083,30725.480681104083,28875.10462869187,30725.480745995283,29364.967810627648,29528.50956570577
2017-06-02,28326.625,26921.125,29578.54327149737,29578.54327149737,28690.544721764836,29578.543282592134,29723.149151186397,29769.48342645474
2017-06-03,25119.6666666667,24595.5833333333,24672.29546026825,24672.29546026825,26779.17883519409,24672.295506840164,25580.753905203896,25606.736643956112
2017-06-04,25548.2916666667,24107.7083333333,24226.86648361344,24226.86648361344,24111.855434614496,24226.86645058841,24126.764108180076,24225.19998411996
2017-06-05,29205.4166666667,24528.4166666667,27563.74550773505,27563.74550773505,26207.55949196129,27563.745498803542,28528.944670524514,27817.872619566777
2017-06-06,28363.7916666667,26965.2083333333,30658.4649237328,30658.4649237328,29715.369110482414,30658.464885054836,29779.144889764328,29398.948436255214
2017-06-07,26850.4583333333,28798.9583333333,29216.129208313312,29216.129208313312,28062.928499752303,29216.129297540203,27802.53905911392,28567.030357971835
2017-06-08,26943.7916666667,29537.125,28724.01838436432,28724.01838436432,27847.941916565924,28724.018429319265,26792.668031385845,27677.59783500965
2017-06-09,28262.9583333333,28326.625,27108.8770952798,27108.8770952798,27294.116952377477,27108.87713429206,27088.734448462397,27136.041302417652
2017-06-10,29481.6666666667,25119.6666666667,25511.34401163764,25511.34401163764,27520.19002772627,25511.343961369486,26256.971738666398,25451.77195747473
2017-06-11,33812.0833333333,25548.2916666667,29588.99412136938,29588.99412136938,29060.531020082883,29588.994041601127,29615.335575245856,28434.084900104557
2017-06-12,40049.7083333333,29205.4166666667,35022.8772693567,35022.8772693567,33491.7103675123,35022.87718726648,37644.37807998163,35855.937200598695
2017-06-13,42404.4166666667,28363.7916666667,38855.25022363312,38855.25022363312,38662.906311498205,38855.2501230662,41104.80599016733,39947.456580000675
2017-06-14,39294.8333333333,26850.4583333333,39353.432008471565,39353.432008471565,38631.28286665167,39353.43195495548,42612.96731968433,42371.57215813317
2017-06-15,33888.3333333333,26943.7916666667,36253.03186551367,36253.03186551367,35767.79842849434,36253.03189743643,38531.80874711574,40254.504950204035
2017-06-16,32150.4166666667,28262.9583333333,31038.99358958812,31038.99358958812,31438.10520203793,31038.99365338029,32642.639171444163,34504.44273521679
2017-06-17,31432.4166666667,29481.6666666667,30585.82292952164,30585.82292952164,31823.761720575694,30585.822889968706,29742.644880850894,29700.348021433387
2017-06-18,35344.75,33812.0833333333,31730.975637295654,31730.975637295654,34066.85054100808,31730.97564057278,31244.236868824264,30591.07334461194
2017-06-19,39285.125,40049.7083333333,37760.21007842119,37760.21007842119,36965.66420607965,37760.20997361592,39243.02526964995,37356.93182452794
2017-06-20,35713.625,42404.4166666667,39252.54844629719,39252.54844629719,38519.40674936876,39252.54845346238,39691.35710364188,39212.78387896498
2017-06-21,35576.2083333333,39294.8333333333,33349.48555511595,33349.48555511595,33368.224771600166,33349.485656786,34280.83113582139,35704.67542635703
2017-06-22,36821.4166666667,33888.3333333333,35170.15294068904,35170.15294068904,34901.87242825729,35170.15284833973,36035.93734010046,36183.03319969044
2017-06-23,38230.9583333333,32150.4166666667,35635.02715873444,35635.02715873444,35327.56072966699,35635.02714592918,37137.679465707944,37268.25514897076
2017-06-24,35389.5833333333,31432.4166666667,36448.85641707812,36448.85641707812,36478.28871675244,36448.85636473127,36333.46614490756,35824.41020142148
2017-06-25,31818.375,35344.75,35580.336226482614,35580.336226482614,34802.82373722797,35580.33628897134,34539.35918768344,34841.73685796114
2017-06-26,32130.8333333333,39285.125,34432.10547055363,34432.10547055363,31632.64054126804,34432.10554622922,33725.80085934116,34110.650262243165
2017-06-27,31188.875,35713.625,32783.81564377493,32783.81564377493,33276.80457460815,32783.81569230818,31948.78290658726,31972.547957012317
2017-06-28,30531.2083333333,35576.2083333333,30865.08393795723,30865.08393795723,31504.15406841169,30865.083956108232,30713.563866846333,31216.98830087153
2017-06-29,34316.5416666667,36821.4166666667,30429.26199207684,30429.26199207684,32002.25789589371,30429.262004397104,30582.89384505318,31212.936838237463
2017-06-30,38739.9583333333,38230.9583333333,35374.441960999924,35374.441960999924,36229.30052890369,35374.44185304882,35541.65518584396,34642.27627407733
2017-07-01,36068.375,35389.5833333333,38374.45776483128,38374.45776483128,38453.85201080616,38374.45771836559,37450.82744031795,36077.02084527723
2017-07-02,35323.2083333333,31818.375,35823.801095044866,35823.801095044866,34674.788422649486,35823.80119600523,35010.34581151978,35349.99579985223
2017-07-03,37779.0833333333,32130.8333333333,37822.259593972194,37822.259593972194,34672.10643288978,37822.2595661836,38068.34904808231,37505.007041769306
2017-07-04,34663.7916666667,31188.875,37134.79193266428,37134.79193266428,36445.39828796295,37134.79195257747,37952.40834851713,37560.96450645507
2017-07-05,35755.0,30531.2083333333,32132.790468335137,32132.790468335137,31833.580652911136,32132.79054259177,33427.838622300886,34816.996302996544
2017-07-06,33765.9583333333,34316.5416666667,36615.71138549785,36615.71138549785,36342.04179695304,36615.711258262345,36646.361604578735,36559.229549833566
2017-07-07,35483.2083333333,38739.9583333333,33825.97107432047,33825.97107432047,33303.984190531155,33825.97119834558,33140.672134985645,34481.49185827778
2017-07-08,33908.7916666667,36068.375,35198.37856367571,35198.37856367571,35463.93302872524,35198.378479354695,33929.00168034538,32763.11791983681
2017-07-09,31155.4583333333,35323.2083333333,33390.05354494319,33390.05354494319,33815.11466426203,33390.0536236684,33252.322493532825,33124.09013149139
2017-07-10,35815.3333333333,37779.0833333333,31889.08890626376,31889.08890626376,31462.883815321988,31889.088930577866,33180.72231938801,33464.11977769784
2017-07-11,39636.0416666667,34663.7916666667,35257.22404179495,35257.22404179495,37198.69796994055,35257.22394584044,36768.57334791005,35300.330279575566
2017-07-12,41709.5416666667,35755.0,39235.21479245294,39235.21479245294,39138.8981220118,39235.21470262689,40261.150488047504,39597.04897895544
2017-07-13,42869.0416666667,33765.9583333333,41180.519650157454,41180.519650157454,40611.6985045005,41180.51964780956,42283.521209720624,42236.26803471756
2017-07-14,37407.1666666667,35483.2083333333,42483.94890134408,42483.94890134408,39500.96489045744,42483.948862687685,43310.37770881238,43605.445093803195
2017-07-15,34758.875,33908.7916666667,33348.6680080245,33348.6680080245,33044.885800197364,33348.66816564779,33424.52265468425,35102.49985180408
2017-07-16,33690.875,31155.4583333333,33466.13010059133,33466.13010059133,34700.52399550151,33466.13001545639,34449.74902044658,33882.25208278568
2017-07-17,38636.2083333333,35815.3333333333,34842.55818663696,34842.55818663696,35536.477725110766,34842.558207585214,36165.14184990259,36143.36256521129
2017-07-18,40254.5833333333,39636.0416666667,38669.3458250989,38669.3458250989,40628.6711428678,38669.34572655495,39635.43101169716,38225.45022141284
2017-07-19,42930.0,41709.5416666667,39212.62275835284,39212.62275835284,37688.99622171548,39212.62276557419,40272.31606777499,40220.30602695014
2017-07-20,44770.5,42869.0416666667,43436.095178965326,43436.095178965326,42809.761268267335,43436.09506764307,43888.976558155984,43339.241708328474
2017-07-21,43781.9583333333,37407.1666666667,42963.79828769592,42963.79828769592,43241.726878449386,42963.79831869956,45151.265315116856,45075.32523537322
2017-07-22,39972.1666666667,34758.875,40037.959819265205,40037.959819265205,41425.273208855775,40037.959782886806,41133.400118659905,41531.015351488204
2017-07-23,35623.3333333333,33690.875,37338.40241474848,37338.40241474848,37720.2032000539,37338.40245121143,38913.381361604974,39172.89719082706
2017-07-24,37202.75,38636.2083333333,36520.935920681535,36520.935920681535,34630.23536847463,36520.93596004976,37404.94852643782,38417.620448927206
2017-07-25,33226.625,40254.5833333333,38655.51073387812,38655.51073387812,39050.00688973644,38655.510704155546,37444.02629532637,36975.49466714251
2017-07-26,33061.2916666667,42930.0,33468.72358790557,33468.72358790557,36543.51616340682,33468.7237644284,31883.2870945208,33557.68772931665
2017-07-27,34432.5,44770.5,35450.36999010741,35450.36999010741,34931.64784771962,35450.369924276514,33624.599048492615,33579.57454109008
2017-07-28,35819.1666666667,43781.9583333333,34349.641372962265,34349.641372962265,33733.36692901961,34349.641436838705,34762.73849477904,34615.916425078
2017-07-29,29184.4166666667,39972.1666666667,34427.072966786,34427.072966786,36669.2907498921,34427.07290231035,33849.556215044926,33411.98069077548
2017-07-30,28025.6666666667,35623.3333333333,27083.29578010299,27083.29578010299,28035.825288550448,27083.29597951915,26992.159732453776,28423.49946524519
2017-07-31,34613.0833333333,37202.75,32859.92592301941,32859.92592301941,31182.726493626586,32859.925804519604,31059.254700367157,30773.73660751778
2017-08-01,38099.375,33226.625,36987.66921887156,36987.66921887156,36660.8948385028,36987.66924448472,35857.72942111262,33956.58716577242
2017-08-02,37309.5,33061.2916666667,38795.57140245787,38795.57140245787,37702.76748109589,38795.57136313497,38670.0722526404,38168.01411550323
2017-08-03,36863.9583333333,34432.5,37046.84438937452,37046.84438937452,36721.10249011911,37046.84447102423,37149.76831308191,37924.59347040839
2017-08-04,38160.75,35819.1666666667,35911.23727314761,35911.23727314761,35511.774896904484,35911.23723321947,36903.3364190364,37175.43542501436
2017-08-05,31649.2916666667,29184.4166666667,35612.26346498403,35612.26346498403,34786.99888248487,35612.26343264653,36138.06271843772,35458.6883583121
2017-08-06,27709.875,28025.6666666667,28907.94309150621,28907.94309150621,29149.52680754064,28907.94323446429,29500.278944688474,31081.355589829745
2017-08-07,30521.1666666667,34613.0833333333,31019.091748542272,31019.091748542272,29746.956758190656,31019.0917218552,30005.785434636848,30865.838097237865
2017-08-08,31562.25,38099.375,31913.85787132977,31913.85787132977,32951.83671141963,31913.85790499114,30949.8772085277,30118.511541686952
2017-08-09,32847.5833333333,37309.5,32760.10718273725,32760.10718273725,32413.70401005406,32760.107187211124,31631.64711075194,31500.658140883163
2017-08-10,33719.0,36863.9583333333,34395.3010158196,34395.3010158196,35328.356011296004,34395.30103332487,33434.2600327214,33326.48891031218
2017-08-11,33675.4166666667,38160.75,34621.65009655462,34621.65009655462,34485.95495753825,34621.65010493757,33957.98518284622,34064.01006565904
2017-08-12,31822.6666666667,31649.2916666667,30012.61219332733,30012.61219332733,32263.82527785827,30012.612238233534,31089.346382566884,30779.85125747197
2017-08-13,31777.5416666667,27709.875,30351.55952622221,30351.55952622221,30805.887908620545,30351.55946812936,31141.820111422006,31005.028156329354
2017-08-14,33076.1666666667,30521.1666666667,33885.60727191204,33885.60727191204,32163.86319488125,33885.60725568448,34792.698950965714,34870.30922865353
2017-08-15,33755.8333333333,31562.25,32644.96047282649,32644.96047282649,33531.49740455973,32644.960518333468,32862.64926140425,32856.667988452704
2017-08-16,36819.7916666667,32847.5833333333,33649.163428025335,33649.163428025335,33955.79561819778,33649.16338568435,33944.71862361893,33719.56979918302
2017-08-17,37475.7916666667,33719.0,37424.40312852078,37424.40312852078,37115.20733599824,37424.40306539413,37915.32642913935,37145.530811086406
2017-08-18,38931.75,33675.4166666667,35979.46611567248,35979.46611567248,36753.014250561086,35979.46615829229,37494.80745727536,37780.13847441586
2017-08-19,36170.2916666667,31822.6666666667,34606.91300738899,34606.91300738899,37948.291617975934,34606.91291812578,36872.55214366777,36030.030346725616
2017-08-20,32394.7083333333,31777.5416666667,33793.47309413144,33793.47309413144,34808.50257087022,33793.473096874994,35085.70940858258,35388.41761584063
2017-08-21,36980.0,33076.1666666667,33506.16994023833,33506.16994023833,32067.0579481417,33506.16999247227,34383.502727764186,35555.33150113502
2017-08-22,41278.5,33755.8333333333,38569.79488265559,38569.79488265559,38280.33431858355,38569.79478546842,38055.78653574216,36730.77530966741
2017-08-23,37422.0833333333,36819.7916666667,40723.75882213363,40723.75882213363,39945.22162127431,40723.75877689783,42239.7002119269,41160.35591741257
2017-08-24,32557.5833333333,37475.7916666667,35585.46324318984,35585.46324318984,35318.92007876006,35585.46337627879,36246.46402440011,37977.96624266709
2017-08-25,31121.5833333333,38931.75,32531.40169509924,32531.40169509924,31774.812556183264,32531.401735794607,31646.59166718426,33233.68658961075
2017-08-26,28169.625,36170.2916666667,29813.507654565838,29813.507654565838,31080.698853830785,29813.507672830237,28473.270603904475,28347.27265216593
2017-08-27,26612.3333333333,32394.7083333333,27336.289196610014,27336.289196610014,29659.66466674029,27336.289254278163,27128.201399940324,27228.45545966922
2017-08-28,29118.0416666667,36980.0,29489.88670205361,29489.88670205361,28665.50549589144,29489.886704118064,29292.89858531948,29888.397419797937
2017-08-29,28715.75,41278.5,31784.3277044446,31784.3277044446,31356.880954861488,31784.327710726186,29475.171799623593,29169.643569878626
2017-08-30,29246.1666666667,37422.0833333333,29307.034996356524,29307.034996356524,29659.285592790635,29307.03509794381,28395.740155774576,28411.81922966786
2017-08-31,31708.375,32557.5833333333,30627.20372677384,30627.20372677384,30731.929037319336,30627.20370412093,29619.30541351573,29448.239729829525
2017-09-01,27280.5,31121.5833333333,32897.17082240781,32897.17082240781,31828.99334329146,32897.170797655854,32469.3453707072,32137.154877840785
2017-09-02,24201.4583333333,28169.625,24706.987547282937,24706.987547282937,25488.610369346545,24706.98773728769,23236.872895071756,24770.86560942916
2017-09-03,24385.625,26612.3333333333,24812.104913351533,24812.104913351533,25395.60364527971,24812.10487267865,23520.534352511935,23257.646285162507
2017-09-04,26552.4166666667,29118.0416666667,28056.001187589063,28056.001187589063,26298.051999769887,28056.001207062407,27467.328606567713,27554.306451418375
2017-09-05,33275.5416666667,28715.75,29209.50719566113,29209.50719566113,27904.049228615037,29209.50724329193,26669.017469116192,26635.016941631002
2017-09-06,29903.0,29246.1666666667,34776.93881185864,34776.93881185864,34489.65038171082,34776.93869668339,35156.65686211767,32643.174244492944
2017-09-07,27888.5416666667,31708.375,28204.491144313542,28204.491144313542,28195.798922249985,28204.49131808961,28526.136602320985,30387.924384039925
2017-09-08,27053.2083333333,27280.5,27756.620210896726,27756.620210896726,27650.68911875309,27756.62017630669,27722.3865377357,28183.978289994982
2017-09-09,24248.2083333333,24201.4583333333,25765.051126671995,25765.051126671995,25878.75680892211,25765.051168788665,24335.355828202886,24575.3284122055
2017-09-10,23775.9166666667,24385.625,24152.69597759444,24152.69597759444,23480.49309742925,24152.69599653521,23285.12438786724,23386.706513079505
2017-09-11,26980.125,26552.4166666667,26823.5180034856,26823.5180034856,26368.160077928784,26823.518041860345,26729.54585957193,26865.908098221837
2017-09-12,28223.4166666667,33275.5416666667,30345.137964932448,30345.137964932448,29872.87715342502,30345.13793620536,27606.497480260674,27431.897379780137
2017-09-13,29799.0416666667,29903.0,26929.122452132306,26929.122452132306,28690.42191354772,26929.12254015969,28242.553798859302,27391.272775185516
2017-09-14,32033.875,27888.5416666667,29962.837585265028,29962.837585265028,29946.88864162567,29962.83747723507,30385.381269241272,30006.38437096493
2017-09-15,32497.375,27053.2083333333,30837.193951668825,30837.193951668825,30615.832260450192,30837.19393934124,32523.607782183863,32150.65904677902
2017-09-16,31042.375,24248.2083333333,28988.69600609945,28988.69600609945,29353.40715712909,28988.695985168917,29962.84014377512,29981.3783560627
2017-09-17,30158.9166666667,23775.9166666667,29429.078746202784,29429.078746202784,28821.33392250573,29429.07871272792,30437.400338568787,30142.87239287777
2017-09-18,31864.9583333333,26980.125,30835.96257969571,30835.96257969571,29533.07215182948,30835.96257941848,32894.61719840427,33254.461405955946
2017-09-19,32474.4583333333,28223.4166666667,32794.64966420448,32794.64966420448,31868.835598599304,32794.64964458892,32129.478818703024,32440.10408698971
2017-09-20,33789.9166666667,29799.0416666667,31529.34703539327,31529.34703539327,32176.57288510552,31529.34706957479,32457.97690768712,31776.570824461545
2017-09-21,34080.9583333333,32033.875,33653.96021086777,33653.96021086777,34241.76257925363,33653.96014780664,34364.29521307432,33998.059495762536
2017-09-22,32378.8333333333,32497.375,31774.17348282557,31774.17348282557,33673.11161308156,31774.173504229224,34009.6422949389,34212.66566024384
2017-09-23,30600.6666666667,31042.375,30051.148101291103,30051.148101291103,31395.720146734973,30051.14808403301,29396.092800813825,30026.58779234602
2017-09-24,32246.7083333333,30158.9166666667,29980.686062044515,29980.686062044515,30759.668022257145,29980.6860682633,30033.862686015975,29669.59784881438
2017-09-25,36759.6666666667,31864.9583333333,34348.974785049235,34348.974785049235,33297.723533704746,34348.974713347685,35692.60005350122,35117.87458549963
2017-09-26,35370.9166666667,32474.4583333333,37461.00779216129,37461.00779216129,37412.192427170565,37461.007776969,37647.15609178554,37243.88486604385
2017-09-27,36978.5833333333,33789.9166666667,33146.056696616586,33146.056696616586,34563.68542692078,33146.056764606576,34614.05404667262,34892.86536129019
2017-09-28,32518.2083333333,34080.9583333333,37322.08747420459,37322.08747420459,36421.31977165557,37322.08733972118,37862.14938003269,37073.43316806505
2017-09-29,27007.7083333333,32378.8333333333,30108.293354788413,30108.293354788413,31302.41333398807,30108.293560157203,30901.37413394554,32803.856023976325
2017-09-30,23852.7916666667,30600.6666666667,26020.40566064369,26020.40566064369,27538.457168183315,26020.405673267724,23372.41103044168,25015.805885689042
2017-10-01,23138.4583333333,32246.7083333333,25127.64235614024,25127.64235614024,26264.245018758334,25127.64241914505,23137.729923767438,23133.289594740694
2017-10-02,26331.7916666667,36759.6666666667,26789.866947140345,26789.866947140345,26336.69198248505,26789.866971757903,25972.808128618217,26102.203069465068
2017-10-03,26807.2916666667,35370.9166666667,28395.20628645493,28395.20628645493,30108.23126667514,28395.206311089365,26958.495517720305,26697.07503503241
2017-10-04,27412.0416666667,36978.5833333333,29090.687586411303,29090.687586411303,29776.926009040657,29090.68761574659,26724.518571348395,26440.988076484722
2017-10-05,29201.625,32518.2083333333,28832.305868413405,28832.305868413405,29141.88264932088,28832.305918807582,27677.9383886016,27194.287822078677
2017-10-06,30566.2083333333,27007.7083333333,29048.557463210906,29048.557463210906,28790.44420249268,29048.55744609528,29480.0313865514,29045.854815200473
2017-10-07,29155.2083333333,23852.7916666667,29800.61201307185,29800.61201307185,28365.0195031709,29800.61197612069,28390.595822612584,28422.51646012897
2017-10-08,30690.5,23138.4583333333,28721.156645810228,28721.156645810228,27131.338086806845,28721.15669925173,28528.166240963434,28394.552633018866
2017-10-09,34175.5416666667,26331.7916666667,33156.77668283539,33156.77668283539,30052.300756373937,33156.77660357981,34175.34140667322,33537.35751030622
2017-10-10,33866.0833333333,26807.2916666667,34155.59892029802,34155.59892029802,33006.31061086033,34155.598932627545,34694.66277125084,34510.959621439295
2017-10-11,30504.5,27412.0416666667,33456.22347903388,33456.22347903388,31779.559092688007,33456.223489617754,33599.02536468462,33591.18766483661
2017-10-12,27698.9166666667,29201.625,28993.89573062993,28993.89573062993,29805.14087475824,28993.895820424532,29693.279344256385,30574.898648998525
2017-10-13,26465.4583333333,30566.2083333333,26553.617369800973,26553.617369800973,27926.178485375265,26553.617369817643,26973.60801374355,27791.83294811066
2017-10-14,24949.5833333333,29155.2083333333,25836.64214040543,25836.64214040543,27211.7385904604,25836.64215576578,23845.070120603,24438.24118518178
2017-10-15,25363.25,30690.5,26508.360519276568,26508.360519276568,26773.24789370087,26508.36055022004,24485.234441658282,24289.876972636717
2017-10-16,26602.2916666667,34175.5416666667,28566.723264061904,28566.723264061904,28897.691934070845,28566.72329175632,28483.743587561377,28185.49028478584
2017-10-17,26344.375,33866.0833333333,27675.79997827627,27675.79997827627,29173.304503243005,27675.80002740277,26541.80910929018,26990.787477854854
2017-10-18,26778.5416666667,30504.5,27071.642393411617,27071.642393411617,27450.020337493566,27071.642425180504,26178.030358760025,25931.440864500957
2017-10-19,26560.5,27698.9166666667,26672.061445964355,26672.061445964355,27552.605413155597,26672.06145017596,26987.95026055021,26638.337575926467
2017-10-20,26200.2916666667,26465.4583333333,25996.69236689926,25996.69236689926,26415.11021503647,25996.69237275568,26271.50044603404,26582.79058326121
2017-10-21,24037.75,24949.5833333333,25163.36080513031,25163.36080513031,26005.101077597723,25163.3608143666,23734.21110235738,24223.63621376149
2017-10-22,23570.9583333333,25363.25,24766.996816033927,24766.996816033927,24366.8012417684,24766.99685224262,23367.032385895025,23449.27585775596
2017-10-23,27456.5833333333,26602.2916666667,25902.03161195638,25902.03161195638,25064.43902673789,25902.0316378191,26449.52101515841,26296.75901415536
2017-10-24,28657.4166666667,26344.375,28608.9514998251,28608.9514998251,28658.99710756509,28608.9514617042,28233.345844177384,27742.906176556306
2017-10-25,26542.25,26778.5416666667,27967.034551666067,27967.034551666067,28072.24657397237,27967.034571330147,28689.46130811838,28240.669383357672
2017-10-26,26713.4583333333,26560.5,26006.142655077623,26006.142655077623,26331.86323476424,26006.14270876102,25930.154390743643,26493.716975516185
2017-10-27,26743.25,26200.2916666667,27385.971871691658,27385.971871691658,26967.655181366623,27385.97184262609,26778.47321925495,26701.68213400771
2017-10-28,24224.625,24037.75,26137.31257736511,26137.31257736511,25617.738567191696,26137.312612330566,24295.15722456644,24753.728206179574
2017-10-29,24605.6666666667,23570.9583333333,24927.37932870377,24927.37932870377,24013.46472691144,24927.3793858432,23450.560471950044,23672.96369687183
2017-10-30,26786.2916666667,27456.5833333333,27550.792202380733,27550.792202380733,26694.98179281733,27550.792190341308,27794.02028288227,27344.31486692411
2017-10-31,27162.5416666667,28657.4166666667,27559.98226621024,27559.98226621024,27870.84364190375,27559.982296856204,26984.131110844315,27155.91097346564
2017-11-01,28511.4583333333,26542.25,26377.25039378382,26377.25039378382,27110.430062404124,26377.250405574505,27069.369819560943,26649.34522058046
2017-11-02,27578.625,26713.4583333333,28813.39114980477,28813.39114980477,28842.412792495496,28813.391087929216,28967.835414535795,28370.0216558071
2017-11-03,26931.0,26743.25,26663.34583568053,26663.34583568053,26656.609951250783,26663.34589887962,27004.31908095531,27613.966906972397
2017-11-04,24362.2083333333,24224.625,25544.53775244662,25544.53775244662,26194.37513226284,25544.53773771592,24469.50989358879,24950.181777603837
2017-11-05,24625.7916666667,24605.6666666667,24266.376896310485,24266.376896310485,24218.656774147683,24266.376943170973,23606.6081085053,23896.566771799866
2017-11-06,27089.4166666667,26786.2916666667,26792.32011721369,26792.32011721369,26053.100396281792,26792.320091988287,27756.603618746118,27291.624409613974
2017-11-07,28801.3333333333,27162.5416666667,27809.00645438148,27809.00645438148,28220.05105943416,27809.006475072165,27385.149121865823,27470.84928768974
2017-11-08,29431.9166666667,28511.4583333333,28871.35906417346,28871.35906417346,29045.32884778213,28871.359033980152,29114.033185229124,28318.209422438642
2017-11-09,29137.5833333333,27578.625,29114.940544086254,29114.940544086254,29172.776808274408,29114.940557199152,29529.92673581252,29182.71442923809
2017-11-10,29836.5833333333,26931.0,28513.541547200555,28513.541547200555,28069.55314360438,28513.541547322417,28846.40480643393,29136.844933449865
2017-11-11,30820.7916666667,24362.2083333333,28246.453296424497,28246.453296424497,28271.332839295334,28246.453269310085,27687.21303295394,27782.923420845767
2017-11-12,29326.7916666667,24625.7916666667,30603.621287669503,30603.621287669503,29181.80384610316,30603.62123201346,31052.091549468838,30224.557624940477
2017-11-13,30830.8333333333,27089.4166666667,29894.558805853776,29894.558805853776,28214.135900149944,29894.558874569277,31634.068003385073,32031.969886004008
2017-11-14,30816.0833333333,28801.3333333333,31284.288944455908,31284.288944455908,31328.290587935277,31284.28890349852,31117.759203046076,31355.471535549455
2017-11-15,30189.6666666667,29431.9166666667,30284.138567667767,30284.138567667767,30064.35932882916,30284.138595214616,30638.330537718884,30426.469679992
2017-11-16,28905.9166666667,29137.5833333333,29923.48003284205,29923.48003284205,29898.58225097168,29923.480037483885,30052.579998908182,29951.3066890739
2017-11-17,29501.3333333333,29836.5833333333,28492.05281371345,28492.05281371345,29279.979218750967,28492.052851309872,28413.61483565747,29003.89453182597
2017-11-18,28752.875,30820.7916666667,28977.57129941524,28977.57129941524,29976.887201844365,28977.57125269173,27469.64982079477,27591.377289938668
2017-11-19,26256.25,29326.7916666667,28431.89873680245,28431.89873680245,28806.890270637577,28431.89877942562,28414.702658337344,28040.155079366734
2017-11-20,30371.75,30830.8333333333,27478.818000263866,27478.818000263866,27125.38956020295,27478.818047197696,28400.98806965613,28994.393548195087
2017-11-21,29919.7916666667,30816.0833333333,32436.39457594765,32436.39457594765,32177.70290195066,32436.394478900107,31467.534820774403,30787.964162547392
2017-11-22,29217.375,30189.6666666667,29164.396098016856,29164.396098016856,28853.45929099073,29164.3962198058,29358.486121405196,29565.892540911856
2017-11-23,28164.9166666667,28905.9166666667,29172.399507777103,29172.399507777103,29397.91880056328,29172.399468571886,29138.376033083823,28939.5952022349
2017-11-24,28444.5,29501.3333333333,28290.239239954983,28290.239239954983,28415.805553455917,28290.239290439546,27743.35142170215,28334.854091138706
2017-11-25,26937.0833333333,28752.875,28632.282838253617,28632.282838253617,28170.11954194916,28632.28281118908,26339.735522471587,26594.043807657374
2017-11-26,26427.25,26256.25,26338.330882536346,26338.330882536346,26830.900997195065,26338.33096834944,26349.42287790172,26104.049042318657
2017-11-27,29473.6666666667,30371.75,28922.36978345579,28922.36978345579,27939.122708941748,28922.36973403058,29269.783285489564,29225.023711697628
2017-11-28,29832.3333333333,29919.7916666667,30583.712832529687,30583.712832529687,30625.118452388106,30583.712853401677,30020.406008623897,29826.70619481947
2017-11-29,28853.625,29217.375,29303.794866670803,29303.794866670803,29155.290597026826,29303.79488594935,29658.799024043346,29458.40138959721
2017-11-30,29845.375,28164.9166666667,28731.296126588182,28731.296126588182,28675.031579689152,28731.29614063183,28551.354450764273,28566.234387890945
2017-12-01,28931.0416666667,28444.5,30782.87294375109,30782.87294375109,29696.246774434527,30782.872911512084,30107.084129703457,29949.157895316894
2017-12-02,28772.5416666667,26937.0833333333,28187.534580903863,28187.534580903863,27516.43311830271,28187.53465804648,26290.307251779752,27157.581648641197
2017-12-03,28139.9583333333,26427.25,28365.98239455048,28365.98239455048,28595.287981708843,28365.98235889211,28750.59272408087,27866.436747643565
2017-12-04,31196.8333333333,29473.6666666667,30037.46101996893,30037.46101996893,28481.017025564008,30037.461037281675,30784.153235264104,30936.324741434957
2017-12-05,29750.6666666667,29832.3333333333,31799.211435147965,31799.211435147965,31611.939516094124,31799.211406541788,31802.20310478234,31535.45504283995
2017-12-06,30350.1666666667,28853.625,28382.44082574865,28382.44082574865,28666.139943919163,28382.440906970267,29002.083757527776,29443.484180754185
2017-12-07,31645.2916666667,29845.375,30792.92344157897,30792.92344157897,30705.382540542763,30792.92335214872,30713.934728524866,30083.84480493343
2017-12-08,32779.2916666667,28931.0416666667,31421.81305486514,31421.81305486514,31298.79888912136,31421.81308159956,31778.91010420478,31603.157029226644
2017-12-09,32562.625,28772.5416666667,31351.078976482702,31351.078976482702,31601.311066017908,31351.078932529526,30839.38923460305,31030.654579735565
2017-12-10,31846.25,28139.9583333333,31357.94654618381,31357.94654618381,32052.235202515378,31357.94654332577,32318.791026162224,31585.33370459919
2017-12-11,32959.0416666667,31196.8333333333,33103.80371698911,33103.80371698911,31431.620324415264,33103.80370704841,34537.40332778166,34642.59334563446
2017-12-12,33249.7916666667,29750.6666666667,32288.97577263647,32288.97577263647,32883.126856131224,32288.975796793755,32923.85844307485,33291.93674396351
2017-12-13,37373.875,30350.1666666667,32310.843682086444,32310.843682086444,32745.274291554437,32310.84365113577,33225.58090816804,32996.28128420125
2017-12-14,35657.4583333333,31645.2916666667,37635.44223257831,37635.44223257831,37805.53894760183,37635.44210656285,38602.73416838832,36948.25282793185
2017-12-15,37612.25,32779.2916666667,33235.11197364078,33235.11197364078,34937.562621313475,33235.11209626494,34674.22456149579,35754.86989027603
2017-12-16,34011.9583333333,32562.625,36832.91889698218,36832.91889698218,36745.60559336135,36832.91872564829,36299.41402552201,35845.20554044124
2017-12-17,31386.75,31846.25,31771.72760308136,31771.72760308136,33177.78639080461,31771.727764998213,32579.446498429676,33153.12708747146
2017-12-18,31808.5833333333,32959.0416666667,32637.36470791088,32637.36470791088,30807.26830547084,32637.364652354125,33819.7826470224,34187.778510848475
2017-12-19,30451.3333333333,33249.7916666667,31547.680879707183,31547.680879707183,34120.752045196125,31547.68094873556,31641.32517913555,32273.677768662703
2017-12-20,31291.8333333333,37373.875,31195.392361235023,31195.392361235023,31103.67071057327,31195.392348063942,30087.38753517009,30548.533379944347
2017-12-21,33088.2083333333,35657.4583333333,32106.87379627872,32106.87379627872,33629.92852490814,32106.87383201414,31603.062390397296,30751.149023668502
2017-12-22,32009.3333333333,37612.25,34255.48120030319,34255.48120030319,34552.35243647924,34255.481146797065,33472.615182200214,33158.48599088387
2017-12-23,28380.25,34011.9583333333,30947.46622746642,30947.46622746642,31562.911610685136,30947.46632348375,29354.284460729294,30203.59185984377
2017-12-24,28308.7916666667,31386.75,27833.62302483865,27833.62302483865,28610.850552810247,27833.623074471023,27288.876477033,27524.641066889344
2017-12-25,29923.2083333333,31808.5833333333,30650.43281494969,30650.43281494969,29737.79700240218,30650.43277510129,31336.899742412632,30930.879948140515
2017-12-26,34361.9166666667,30451.3333333333,29888.69016570317,29888.69016570317,30593.574154690312,29888.690217126088,29886.9216386664,30342.21936468708
2017-12-27,37027.875,31291.8333333333,36469.92082922593,36469.92082922593,35399.30061397814,36469.92068959452,35700.406465887376,34273.78152251617
2017-12-28,39963.2083333333,33088.2083333333,36602.56443521372,36602.56443521372,36576.029866030025,36602.564483457325,37423.30746208543,36463.600417598565
2017-12-29,39392.4583333333,32009.3333333333,39727.26532585901,39727.26532585901,38009.616086090566,39727.26521598714,40633.99829517987,39770.5206554903
2017-12-30,37419.0416666667,28380.25,35748.41675987439,35748.41675987439,36490.16721357786,35748.41682977389,36766.720017638814,37504.962075450414
2017-12-31,39016.0,28308.7916666667,35533.72510401687,35533.72510401687,34377.3287448974,35533.72502736057,36829.01855104772,36612.64983367888
2018-01-01,40191.0416666667,29923.2083333333,38361.83039166851,38361.83039166851,38096.58918175512,38361.83033715558,42361.51625243634,41445.137822406556
2018-01-02,41627.3333333333,34361.9166666667,39262.189568829854,39262.189568829854,38120.84574630726,39262.189540704,40035.299012473115,40908.37412015936
2018-01-03,40852.75,37027.875,41369.89140267487,41369.89140267487,39406.00668636707,41369.89136611971,42179.41128792663,41654.3191458224
2018-01-04,41065.0,39963.2083333333,39871.683862858015,39871.683862858015,39056.03327356521,39871.68388815426,40536.867608923305,40531.77907902594
2018-01-05,44197.7916666667,39392.4583333333,40155.17393746049,40155.17393746049,40631.13222905871,40155.17390055143,41126.40494940749,40820.763979348034
2018-01-06,43565.75,37419.0416666667,41040.115602085,41040.115602085,42636.597060692,41040.11551441296,42858.73800831413,42114.40764618852
2018-01-07,42159.7083333333,39016.0,41028.63578590577,41028.63578590577,40844.430724654114,41028.63574690389,43053.59480995455,42813.21016686619
2018-01-08,40300.6666666667,40191.0416666667,40363.17906360423,40363.17906360423,40463.75044470152,40363.17906722837,44551.949383484665,44554.87247934055
2018-01-09,35337.375,41627.3333333333,39816.58741716359,39816.58741716359,39129.46875321529,39816.58741756628,39552.256043675756,41299.314965183716
2018-01-10,35223.875,40852.75,34763.40869509077,34763.40869509077,33957.23072016347,34763.40882489586,34144.8409612462,35656.26628317879
2018-01-11,31735.2083333333,41065.0,37117.61630727921,37117.61630727921,38127.17675595292,37117.6162608047,35625.071771857976,34957.525635271355
2018-01-12,29211.0416666667,44197.7916666667,31381.172917226984,31381.172917226984,35916.2571780109,31381.173084340997,30569.712162909185,31864.275893521884
2018-01-13,30532.6666666667,43565.75,29355.251210047845,29355.251210047845,30939.976539720028,29355.25121758987,26599.816858698356,27359.840254900675
2018-01-14,36703.25,42159.7083333333,32998.496789497134,32998.496789497134,31516.158718808518,32998.4967644534,30959.663524695843,29563.683832330997
2018-01-15,39257.75,40300.6666666667,39215.5194597031,39215.5194597031,38754.11405592351,39215.51935708903,40947.3838249701,38453.905352109236
2018-01-16,36168.3333333333,35337.375,38647.03599728158,38647.03599728158,39032.20949648955,38647.03606770579,39127.387024030235,39873.6797670009
2018-01-17,37451.2083333333,35223.875,35613.0293090503,35613.0293090503,34272.71844523727,35613.02934636575,35343.87739118599,36672.36509327107
2018-01-18,38379.75,31735.2083333333,38202.1228439,38202.1228439,36980.53745138103,38202.122787181615,38064.98127932971,36958.52627039321
2018-01-19,35442.75,29211.0416666667,37594.22792500975,37594.22792500975,34612.52208003952,37594.22795256271,38396.39529802909,38278.338664539464
2018-01-20,30604.4166666667,30532.6666666667,34574.39490165609,34574.39490165609,33834.99851367322,34574.39496364688,32449.822418739866,33931.42517701855
2018-01-21,29108.125,36703.25,31757.94867673265,31757.94867673265,32048.915859201294,31757.94877019715,29496.376301328004,30227.49407661295
2018-01-22,29872.0416666667,39257.75,31306.281742647272,31306.281742647272,31388.80508300825,31306.281773526924,31533.756738457025,30967.57032615177
2018-01-23,29773.8333333333,36168.3333333333,30207.074997312506,30207.074997312506,31254.31306955432,30207.075042422657,29660.352973510817,30340.342491396856
2018-01-24,32071.4583333333,37451.2083333333,31106.01878223797,31106.01878223797,31033.960776137035,31106.018772006857,29892.61468871157,30353.967322890887
2018-01-25,34302.6666666667,38379.75,33172.136125960205,33172.136125960205,34783.84187048768,33172.13610890371,32730.782630169473,31562.017389473684
2018-01-26,34354.9583333333,35442.75,34092.58700708043,34092.58700708043,34433.893172317235,34092.58699794532,34618.13555776355,33885.82560376254
2018-01-27,29843.7916666667,30604.4166666667,33470.83443919789,33470.83443919789,32922.7514205599,33470.83445012263,32089.617803018933,32628.898090314473
2018-01-28,27356.5416666667,29108.125,30053.346442697795,30053.346442697795,28533.77432934363,30053.346550087965,28592.74623364331,29561.094445554903
2018-01-29,31443.8333333333,29872.0416666667,28337.46358768696,28337.46358768696,28015.39339911576,28337.463629795795,29484.633432954615,29278.720896817384
2018-01-30,34895.5416666667,29773.8333333333,31703.13854354092,31703.13854354092,33158.552715809084,31703.138446515648,32296.37868213421,31757.615168009444
2018-01-31,37180.125,32071.4583333333,35123.019619635124,35123.019619635124,35075.19786780409,35123.01958178096,35808.9381414972,35395.326219277624
2018-02-01,33615.4583333333,34302.6666666667,35982.788344402274,35982.788344402274,37220.112929736366,35982.78831780448,37657.31939697079,36724.75342418549
2018-02-02,35327.125,34354.9583333333,30778.075270199224,30778.075270199224,32332.45160613169,30778.07535006906,32271.00008407599,33401.03734716675
2018-02-03,35505.5,29843.7916666667,34583.78495868776,34583.78495868776,35042.526325233055,34583.78480864453,33986.19791967119,33334.56776043861
2018-02-04,32805.6666666667,27356.5416666667,34545.09584629981,34545.09584629981,33395.77506025768,34545.095907166324,35322.027540788535,34975.295756909436
2018-02-05,34204.7916666667,31443.8333333333,32087.80648589081,32087.80648589081,31801.65580311789,32087.806521793344,34595.26990301144,34973.048191377144
2018-02-06,35783.8333333333,34895.5416666667,34481.383393236065,34481.383393236065,35145.96451795536,34481.383337446685,34442.7179455418,34739.5336288124
2018-02-07,35824.75,37180.125,37100.66023165556,37100.66023165556,35276.05149050708,37100.660213316434,36379.533390813005,36325.50552133912
2018-02-08,35158.125,33615.4583333333,35353.32695264269,35353.32695264269,35144.38646175437,35353.32702698884,35636.51427971815,35221.82178581475
2018-02-09,35460.125,35327.125,34339.61111858567,34339.61111858567,34855.682214364955,34339.61109319252,34918.781821391916,35056.25967765423
2018-02-10,30496.7083333333,35505.5,33284.505280728365,33284.505280728365,34618.354690426866,33284.50525321787,33436.06646620242,33567.52501511393
2018-02-11,27919.9166666667,32805.6666666667,27770.05577065081,27770.05577065081,29622.62214433829,27770.05588208928,28937.18487344343,30017.48135472547
2018-02-12,30144.7916666667,34204.7916666667,29949.97834464339,29949.97834464339,29775.68720814224,29949.978297027297,30124.7493752646,30162.49285057838
2018-02-13,33038.4583333333,35783.8333333333,32386.75572580567,32386.75572580567,31977.89279633084,32386.755749034142,30536.21959429286,30739.607580871758
2018-02-14,31439.9166666667,35824.75,34412.216948624045,34412.216948624045,34415.79692541764,34412.21693141962,33974.513495492625,33421.76585808014
2018-02-15,29138.375,35158.125,30615.334689831896,30615.334689831896,32161.47506488441,30615.33480170977,30647.765529291322,30945.4921240994
2018-02-16,28378.9583333333,35460.125,30004.26995206375,30004.26995206375,30004.57737407138,30004.26994860334,28603.553378773686,29161.57779665349
2018-02-17,30211.7083333333,30496.7083333333,27435.87219706349,27435.87219706349,28504.025508647188,27435.87226126632,26055.742258838913,26356.922439775808
2018-02-18,28892.0416666667,27919.9166666667,30414.926674862098,30414.926674862098,30516.92629729508,30414.92657758732,30707.92490812501,29395.77615289817
2018-02-19,31447.75,30144.7916666667,30270.266852226643,30270.266852226643,29141.237388560472,30270.266944843097,30852.688761829053,31162.11118097088
2018-02-20,28487.7916666667,33038.4583333333,34016.36487909053,34016.36487909053,33190.440172058145,34016.3648167401,32074.696280327113,32156.446795559903
2018-02-21,27572.5,31439.9166666667,27683.842670168346,27683.842670168346,27489.169497667,27683.84286398758,27571.229299927207,28966.516342307972
2018-02-22,28859.2083333333,29138.375,28269.536028361865,28269.536028361865,28207.54486577041,28269.535952104936,27473.997714539528,27054.707683609417
2018-02-23,30894.3333333333,28378.9583333333,30498.29909749276,30498.29909749276,29429.82075893419,30498.299125670008,29165.59194758717,28736.066120923595
2018-02-24,27537.0,30211.7083333333,30310.58750116464,30310.58750116464,30685.75088268888,30310.5874853366,29256.427345652177,28968.26400913479
2018-02-25,27246.0416666667,28892.0416666667,25662.64948972532,25662.64948972532,27284.15060936583,25662.64959703437,26275.318024796994,26773.535161823656
2018-02-26,29406.8333333333,31447.75,30081.62752801037,30081.62752801037,28893.113155324463,30081.62743076315,30034.731679415774,29505.540680963484
2018-02-27,29694.0416666667,28487.7916666667,30773.136007321977,30773.136007321977,29432.919561724768,30773.136079713957,29582.701012909354,29913.589740516967
2018-02-28,28915.1666666667,27572.5,28933.22631859468,28933.22631859468,28835.64051353025,28933.226330205696,29846.957417557558,30106.33047467071
2018-03-01,28720.2083333333,28859.2083333333,28870.31359998823,28870.31359998823,29291.42557098701,28870.31360742471,28575.774956125602,28566.829390266772
2018-03-02,30858.0833333333,30894.3333333333,28935.871121042583,28935.871121042583,29074.24398428213,28935.87113000382,28713.952701949846,28710.47615954855
2018-03-03,28436.7916666667,27537.0,29959.235788887145,29959.235788887145,30220.310139364025,29959.23574288541,29312.145557937856,28729.568852816115
2018-03-04,27950.5833333333,27246.0416666667,27120.573000343786,27120.573000343786,27235.935565621447,27120.5730752282,27437.414620808006,27716.61644930446
2018-03-05,31451.4583333333,29406.8333333333,30177.280828007843,30177.280828007843,28911.416837891,30177.28077703004,30594.746806199433,30191.264043369003
2018-03-06,31596.2916666667,29694.0416666667,31528.87925103832,31528.87925103832,31848.1343623776,31528.87925479127,32065.760931339566,31874.51050562203
2018-03-07,32257.3333333333,28915.1666666667,29792.260135916746,29792.260135916746,30005.81789591278,29792.26013601376,31553.649156917792,31956.938133406384
2018-03-08,31934.2083333333,28720.2083333333,31796.975159757,31796.975159757,32441.012999995502,31796.975111182404,32399.649759145206,31900.67982324395
2018-03-09,32586.8333333333,30858.0833333333,32179.706961138258,32179.706961138258,31210.963362315004,32179.70697305849,31803.681888494924,32044.06274528105
2018-03-10,30027.4583333333,28436.7916666667,31205.41326711573,31205.41326711573,31568.698663943334,31205.413276196527,30630.994696772144,30411.05462029295
2018-03-11,28337.7391304348,27950.5833333333,28841.135881989183,28841.135881989183,29261.782815973816,28841.135921975565,29115.274689815476,29342.21666520974
2018-03-12,32489.1666666667,31451.4583333333,29982.638028747897,29982.638028747897,29262.420546853384,29982.638027995454,30625.17282317294,30706.524993781946
2018-03-13,32829.9166666667,31596.2916666667,32605.64801170695,32605.64801170695,34323.233323831206,32605.64795308053,33396.679384388284,32795.642631781055
2018-03-14,33399.0833333333,32257.3333333333,31843.86562550493,31843.86562550493,31967.29257921495,31843.86564652312,32773.03084272143,33205.616746152664
2018-03-15,32337.2083333333,31934.2083333333,33567.71657248432,33567.71657248432,33942.16592196704,33567.716537066415,33511.72432233541,33033.38264401811
2018-03-16,31942.1666666667,32586.8333333333,32277.68283354423,32277.68283354423,31915.667531392315,32277.682890415297,32013.056846215735,32517.14584715186
2018-03-17,30140.8333333333,30027.4583333333,30004.304145222864,30004.304145222864,31058.027630285607,30004.30413110716,29723.38302550172,29777.21386431612
2018-03-18,28018.4166666667,28337.7391304348,29478.086899043425,29478.086899043425,30032.63092358115,29478.0869225605,29506.73024475799,29378.202846882432
2018-03-19,30023.9583333333,32489.1666666667,30012.69849477904,30012.69849477904,29015.99423891325,30012.698521120903,30137.31238226581,30564.959500138186
2018-03-20,33334.6666666667,32829.9166666667,30987.624702703662,30987.624702703662,32231.08045610056,30987.624713133395,30344.578285483487,30362.975754169314
2018-03-21,33738.1666666667,33399.0833333333,33811.88449376206,33811.88449376206,34066.15067793758,33811.88442285517,34344.6963810508,33553.211590495936
2018-03-22,31931.4166666667,32337.2083333333,33252.09346754665,33252.09346754665,33247.920994624,33252.09350697256,33459.58447870311,33322.62334056976
2018-03-23,30775.9583333333,31942.1666666667,31557.44970344685,31557.44970344685,31482.725950879056,31557.44973656441,31491.50479960778,32157.525527273378
2018-03-24,28216.2916666667,30140.8333333333,29403.55903847964,29403.55903847964,30225.34732152645,29403.55904952141,28376.218303607817,28709.725090511387
2018-03-25,28642.375,28018.4166666667,27600.866095340003,27600.866095340003,27624.90697916556,27600.8661359591,27375.588186585926,27404.65440958164
2018-03-26,30686.7083333333,30023.9583333333,31379.58183738514,31379.58183738514,30353.228630851416,31379.58180140997,31564.138933750153,31088.301302229163
2018-03-27,31483.0,33334.6666666667,31890.798231518023,31890.798231518023,32339.331402268832,31890.79827008538,30857.24401987221,31216.541502423996
2018-03-28,30032.8333333333,33738.1666666667,31856.635909720168,31856.635909720168,31898.854246123043,31856.635913485847,31798.967321542554,31696.934539145474
2018-03-29,27923.2916666667,31931.4166666667,29771.54677004702,29771.54677004702,30131.414160586515,29771.54683281316,29366.04884753717,29632.726767417756
2018-03-30,26191.0,30775.9583333333,28332.221865456635,28332.221865456635,27887.32305541688,28332.221891638063,27478.446312650874,28167.946953298157
2018-03-31,25214.0416666667,28216.2916666667,25217.938092113352,25217.938092113352,26497.76361151714,25217.938156326385,23611.981284448702,24208.684314704165
2018-04-01,24265.0,28642.375,25983.68967974473,25983.68967974473,26547.618291153794,25983.689658312564,24927.566938118776,24415.54844571136
2018-04-02,29014.2083333333,30686.7083333333,26775.47301999915,26775.47301999915,26581.40813395989,26775.473087592138,26601.4749452521,26696.725526302496
2018-04-03,30574.4583333333,31483.0,31878.75439021834,31878.75439021834,31549.48430595878,31878.75430735417,30170.15898551049,29428.02169737411
2018-04-04,28911.0833333333,30032.8333333333,30402.6618774514,30402.6618774514,30058.00127673992,30402.66195595033,30783.80631430495,30629.40984581035
2018-04-05,30203.8333333333,27923.2916666667,28017.20671654527,28017.20671654527,28091.020843914004,28017.206738042045,28161.753231010327,28511.47972579339
2018-04-06,29153.8333333333,26191.0,30347.52127936644,30347.52127936644,29596.286533418588,30347.52121813405,30748.261009634378,30240.928166499907
2018-04-07,26862.5,25214.0416666667,27157.68190127456,27157.68190127456,26788.32321147612,27157.681965446336,26515.3535200474,27289.880893892616
2018-04-08,27447.0,24265.0,26329.912912398704,26329.912912398704,26176.30002655176,26329.912917010515,26198.932657353296,26079.666294400675
2018-04-09,30637.5,29014.2083333333,30118.59121278997,30118.59121278997,28824.350134937387,30118.591176600225,30407.611057649712,29932.472384888344
2018-04-10,29610.2916666667,30574.4583333333,32270.849442937622,32270.849442937622,31085.33087224393,32270.84945093009,31174.96409388121,31076.282443300337
2018-04-11,29411.5,28911.0833333333,28064.319186719804,28064.319186719804,28888.46640469248,28064.319281903678,29190.199413591286,29650.96936349724
2018-04-12,27810.9583333333,30203.8333333333,29630.060164492617,29630.060164492617,29986.11479190561,29630.06008463132,29321.809830504168,29121.173363706814
2018-04-13,26463.5416666667,29153.8333333333,26688.94314287372,26688.94314287372,27371.32034795349,26688.94323883834,27275.888518178836,27860.67435371027
2018-04-14,24966.9583333333,26862.5,25702.75023165641,25702.75023165641,26384.761294296342,25702.750212281764,24053.790026523795,24654.444946619245
2018-04-15,25127.0,27447.0,25689.54438803685,25689.54438803685,26111.856619038263,25689.54442956616,24506.274939095674,24243.79239822094
2018-04-16,28658.625,30637.5,28103.31850820969,28103.31850820969,27254.571549610137,28103.318506131065,27917.064911795234,27602.393319895476
2018-04-17,29924.8333333333,29610.2916666667,29865.72772623745,29865.72772623745,30255.418734373343,29865.727730054856,29309.111209368824,28954.733484549946
2018-04-18,28888.9583333333,29411.5,29178.959622120605,29178.959622120605,29650.654141670304,29178.95962121284,30145.215974548828,29897.08961577288
2018-04-19,28949.9583333333,27810.9583333333,28288.459168581903,28288.459168581903,28289.212175576085,28288.4591896542,28323.55966330767,28581.54379740749
2018-04-20,28522.7916666667,26463.5416666667,28272.208113428293,28272.208113428293,28245.728431648466,28272.20809807364,29016.211528378037,28899.803063218485
2018-04-21,25499.1666666667,24966.9583333333,27230.15607973221,27230.15607973221,26997.32531704239,27230.156087278032,26225.049806053114,26752.699131290676
2018-04-22,23878.875,25127.0,25219.758801536784,25219.758801536784,25055.29402980439,25219.75886033629,24575.385889456316,24896.86919947233
2018-04-23,26121.125,28658.625,26988.35486890455,26988.35486890455,25855.256589514367,26988.35489043058,26302.18433867297,26471.600562652708
2018-04-24,26505.1666666667,29924.8333333333,27529.43550303393,27529.43550303393,28235.943913228428,27529.43552816639,26519.5788749569,26491.93416024755
2018-04-25,26959.9583333333,28888.9583333333,26613.406581000963,26613.406581000963,27297.391796481053,26613.40660774679,26510.83206203505,26419.647706208307
2018-04-26,25847.0416666667,28949.9583333333,27828.566460382764,27828.566460382764,28280.21781042292,27828.56645400127,26906.99334121646,26642.820192037318
2018-04-27,26166.875,28522.7916666667,25541.100323955165,25541.100323955165,26308.06675883916,25541.10038813927,25405.11242974935,25820.574697281867
2018-04-28,23777.7083333333,25499.1666666667,25709.04338431423,25709.04338431423,26182.609841819303,25709.04334792396,24218.865855052987,24306.285104390936
2018-04-29,23541.9166666667,23878.875,24078.497662053906,24078.497662053906,23593.45506475798,24078.497745147783,22914.77190163151,23147.726106689253
2018-04-30,26895.3333333333,26121.125,26452.940999781946,26452.940999781946,25149.73027717896,26452.940983349185,26347.81852188065,26092.51887759874
2018-05-01,26626.9166666667,26505.1666666667,28018.58389414418,28018.58389414418,28200.540521393013,28018.583898397148,27508.13767298165,27221.478398958378
2018-05-02,28349.6666666667,26959.9583333333,26344.96261056346,26344.96261056346,26311.00842240544,26344.962656210777,26386.983445322145,26605.593761461805
2018-05-03,32229.5416666667,25847.0416666667,28721.105658461314,28721.105658461314,28820.620324306212,28721.10559676802,28721.664217419453,27888.857352643678
2018-05-04,32975.2916666667,26166.875,32007.396663782725,32007.396663782725,30951.213567654508,32007.396590867247,33154.13691383483,31977.12532547303
2018-05-05,26163.125,23777.7083333333,29991.969735478466,29991.969735478466,29432.41755616436,29991.96975126531,30742.700374812874,31028.338855987295
2018-05-06,23796.0833333333,23541.9166666667,24000.300890567025,24000.300890567025,23825.3039902787,24000.30101091582,24085.475545587815,25830.650253986903
2018-05-07,26640.5416666667,26895.3333333333,26669.067391338765,26669.067391338765,25131.02506886029,26669.067342612976,26349.111879275766,26507.187022781814
2018-05-08,27005.75,26626.9166666667,27742.17546261932,27742.17546261932,27580.242769160897,27742.17550133887,27158.769833171664,26925.51085950114
2018-05-09,27441.7083333333,28349.6666666667,27186.653792383717,27186.653792383717,27693.19221773857,27186.6538060893,27025.877565516977,27078.544784247508
2018-05-10,27695.8333333333,32229.5416666667,28675.726741246945,28675.726741246945,30052.257107964244,28675.72673980996,27460.785290036758,27205.894491866402
2018-05-11,27865.3333333333,32975.2916666667,28126.51353928114,28126.51353928114,28856.42027064875,28126.51356727137,27671.934582131333,27472.165776426325
2018-05-12,25662.0833333333,26163.125,25859.955305795505,25859.955305795505,27033.22359415724,25859.955318273285,25623.192144336386,25620.9309099947
2018-05-13,24001.5,23796.0833333333,25152.74571050214,25152.74571050214,24959.371786976026,25152.745717544763,24911.72187287386,25212.191864116045
2018-05-14,27317.8333333333,26640.5416666667,25990.70370337632,25990.70370337632,25018.4691580517,25990.70373318665,26375.697893132743,26788.632049091753
2018-05-15,31481.6666666667,27005.75,28216.508414512547,28216.508414512547,28676.47895049726,28216.508382365355,28027.354110356435,27577.40619119906
2018-05-16,29049.8333333333,27441.7083333333,32135.6500382362,32135.6500382362,31023.16758649918,32135.649964770608,32581.418088798982,31354.15306199474
2018-05-17,28035.2083333333,27695.8333333333,28532.22564490136,28532.22564490136,27719.676683176644,28532.22577333733,27907.282787437027,28972.081652841684
2018-05-18,27227.8333333333,27865.3333333333,28622.49153457848,28622.49153457848,28198.889410182168,28622.491506672268,27986.34801061893,27886.77688283362
2018-05-19,24720.2916666667,25662.0833333333,24987.48275924784,24987.48275924784,26096.069884418,24987.482813383824,24705.822000214168,25023.03307263634
2018-05-20,27146.3333333333,24001.5,24202.751618175687,24202.751618175687,24158.201012633115,24202.75161628965,23939.413591517106,24219.040379497266
2018-05-21,29615.4583333333,27317.8333333333,29876.28447049108,29876.28447049108,29232.81146211132,29876.28440183332,30759.19091488359,29797.813100433297
2018-05-22,28450.0,31481.6666666667,30358.29461060407,30358.29461060407,30327.900714126623,30358.294639733573,29802.94567945593,30106.197785164306
2018-05-23,29923.125,29049.8333333333,28211.27392246846,28211.27392246846,28129.89187900232,28211.273983207127,28058.870317144214,28285.82423526174
2018-05-24,30461.5,28035.2083333333,31819.454571860377,31819.454571860377,30226.9556145225,31819.45450809955,30357.309026308896,29699.760625381834
2018-05-25,31925.5416666667,27227.8333333333,29809.767474214797,29809.767474214797,28757.39517061839,29809.76753765687,30386.939387068232,30232.70511590565
2018-05-26,33316.9166666667,24720.2916666667,29046.82288459732,29046.82288459732,30185.531576707635,29046.822816370048,30079.464569107226,29607.85802158738
2018-05-27,28984.2083333333,27146.3333333333,32772.920878445126,32772.920878445126,32610.381299185025,32772.92078614011,33575.21917201057,32771.443425289006
2018-05-28,25457.4583333333,29615.4583333333,28879.93266411001,28879.93266411001,27187.851488609005,28879.932813684663,30279.007694187712,31839.604509707402
2018-05-29,32802.0833333333,28450.0,26295.69597620633,26295.69597620633,26253.121508778644,26295.696031737367,24510.18556006379,26215.529385524387
2018-05-30,32784.8333333333,29923.125,34979.877757520335,34979.877757520335,35264.840154422265,34979.87754163008,35309.75549404095,32357.944339102647
2018-05-31,31445.0,30461.5,30637.393392426136,30637.393392426136,30790.63769229408,30637.393550572044,31934.08905557769,32580.410360664566
2018-06-01,34767.4166666667,31925.5416666667,30648.79154968521,30648.79154968521,32283.66293278266,30648.79148688061,31235.101020511924,31376.189887311775
2018-06-02,33292.125,33316.9166666667,34382.19635705569,34382.19635705569,35682.23649602179,34382.19626311189,33608.384509959455,32467.71174125931
2018-06-03,26070.2916666667,28984.2083333333,31335.0919164754,31335.0919164754,29745.11991769511,31335.09198899788,32402.280791851783,32485.785741510765
2018-06-04,27152.75,25457.4583333333,25629.801368035205,25629.801368035205,25321.917792250573,25629.801521535614,26688.54486930197,28927.574225694323
2018-06-05,28280.9583333333,32802.0833333333,30975.78617740355,30975.78617740355,30771.482450978598,30975.78605547785,27951.064626927724,28383.797145729473
2018-06-06,27839.0,32784.8333333333,27954.047636095234,27954.047636095234,28873.383314656538,27954.047767727327,28425.19641745168,27866.784326144018
2018-06-07,28615.7083333333,31445.0,28117.284793476258,28117.284793476258,29249.72927427537,28117.284771161783,27531.272664592583,27571.9222084679
2018-06-08,30924.625,34767.4166666667,30784.183061618696,30784.183061618696,31294.91838611268,30784.183048104525,28960.275285010608,28679.68533869364
2018-06-09,30465.5833333333,33292.125,31269.384322199166,31269.384322199166,31207.84621534993,31269.38432019103,29319.43596444395,28544.565494915445
2018-06-10,27027.4583333333,26070.2916666667,28400.73172525251,28400.73172525251,28655.04477403202,28400.73178104973,29843.124172353593,29187.674585143683
2018-06-11,27287.9583333333,27152.75,26752.994192004157,26752.994192004157,26439.872728794784,26752.994204291143,28652.128621871765,29906.541271582002
2018-06-12,27915.0833333333,28280.9583333333,29586.811826664783,29586.811826664783,28135.385421544583,29586.81180401951,27556.03690846185,28661.312979608385
2018-06-13,31366.75,27839.0,28283.01794809908,28283.01794809908,27861.656114627625,28283.01802954016,28055.32271200418,27541.549451956456
2018-06-14,33066.7083333333,28615.7083333333,32813.90720696851,32813.90720696851,31861.85369807332,32813.90709017421,32238.741532029748,30942.33659930301
2018-06-15,30615.0416666667,30924.625,34164.79337544296,34164.79337544296,32641.22667052849,34164.79342106679,33394.3990669514,33137.505476004226
2018-06-16,29337.0416666667,30465.5833333333,29355.789181418226,29355.789181418226,29034.783667173822,29355.789276452044,27647.512794374878,28486.335532743484
2018-06-17,32630.0,27027.4583333333,26522.51914492033,26522.51914492033,28841.76409156733,26522.519117566862,28811.653029011122,27888.81478689628
2018-06-18,40541.2916666667,27287.9583333333,33677.06353099568,33677.06353099568,32459.38507940373,33677.06335068571,36165.53978025015,35092.7646809779
2018-06-19,40480.5833333333,27915.0833333333,41508.41555188561,41508.41555188561,40095.60481308875,41508.41546423858,42510.803063887724,41564.22898562938
2018-06-20,35744.5833333333,31366.75,36970.667167713575,36970.667167713575,37359.44995085252,36970.667239853065,40000.61413095455,40384.726989252275
2018-06-21,35393.1666666667,33066.7083333333,34174.65273695951,34174.65273695951,33830.237842506445,34174.65273877595,34418.74321073943,35702.816668309315
2018-06-22,31334.3333333333,30615.0416666667,36007.37458655015,36007.37458655015,35080.491306009004,36007.374567464736,35698.68559009622,35338.79209616144
2018-06-23,27684.875,29337.0416666667,28849.15692551165,28849.15692551165,28239.25016413967,28849.157072184316,27919.055513421583,29480.268159153682
2018-06-24,31802.7083333333,32630.0,26249.750392220456,26249.750392220456,30408.68683855784,26249.750376412358,26700.721709421945,26606.401196751718
2018-06-25,33504.125,40541.2916666667,35347.932252699444,35347.932252699444,33838.77609524016,35347.932103242165,35861.65577694077,34279.74027462023
2018-06-26,31780.4166666667,40480.5833333333,33107.94659873487,33107.94659873487,33514.25511640733,33107.94671593031,33457.40283989913,34509.63803773761
2018-06-27,31319.75,35744.5833333333,31274.385443728024,31274.385443728024,32625.68940069265,31274.385454804244,31279.415804519176,31576.46563549126
2018-06-28,36902.3333333333,35393.1666666667,32816.75808839668,32816.75808839668,32565.31860348708,32816.75807292429,31260.867294421656,31274.989009256416
2018-06-29,38875.875,31334.3333333333,36773.08943022134,36773.08943022134,36643.84183062935,36773.08933055352,38486.68627947703,36303.118844904966
2018-06-30,38415.5416666667,27684.875,35233.95319417071,35233.95319417071,38036.44133487027,35233.953203840945,36831.03485188005,36774.71776087912
2018-07-01,40584.8333333333,31802.7083333333,37800.459061048095,37800.459061048095,37292.68491650144,37800.458967012826,38101.18264935526,37538.19003900321
2018-07-02,45218.125,33504.125,41570.41886090375,41570.41886090375,38909.39665717743,41570.41882928436,43845.252453771325,42845.6524818339
2018-07-03,45258.0416666667,31780.4166666667,43861.21794259918,43861.21794259918,40778.95624792232,43861.21785676833,46216.40286369573,45935.05173102007
2018-07-04,39652.7916666667,31319.75,41998.800150456045,41998.800150456045,40708.90491652188,41998.80015981359,44958.36683928281,45077.86533064009
2018-07-05,42402.375,36902.3333333333,37422.73030455312,37422.73030455312,37641.21331131896,37422.7303684357,38154.57222218556,40233.230179601494
2018-07-06,39145.25,38875.875,41087.19177369376,41087.19177369376,43157.288971859794,41087.191609659545,43626.74374609048,41825.99149809462
2018-07-07,28926.5,38415.5416666667,35525.59359811854,35525.59359811854,35846.33556094916,35525.59372659911,35699.6579852755,37288.5497248251
2018-07-08,28616.7916666667,40584.8333333333,30364.043444063675,30364.043444063675,30222.02846896729,30364.04359082481,26209.52354584565,28694.501201093673
2018-07-09,34410.1666666667,45218.125,34217.6181004793,34217.6181004793,36993.791753015634,34217.618099236206,31909.18402551256,31016.20968148408
2018-07-10,38866.125,45258.0416666667,35799.80307587008,35799.80307587008,35400.61756910637,35799.80305634315,35728.799837672675,34896.81197134072
2018-07-11,39699.5833333333,39652.7916666667,37391.45058786409,37391.45058786409,39320.65700183129,37391.45053287068,39636.583945999184,38154.53862284512
2018-07-12,36770.4583333333,42402.375,40789.91381181526,40789.91381181526,38380.86060760078,40789.91376567443,39863.07320763541,40315.32516897842
2018-07-13,36047.1666666667,39145.25,34541.527870014834,34541.527870014834,34509.456142186784,34541.528002180814,35734.039606336024,36242.95560419063
2018-07-14,34942.6666666667,28926.5,33840.29414854254,33840.29414854254,33769.943118810326,33840.29407281208,33813.96323694676,33728.52745680359
2018-07-15,34204.0833333333,28616.7916666667,35995.0935055011,35995.0935055011,33269.4107430462,35995.093505254925,34579.90378619638,34637.59216662141
2018-07-16,41897.0833333333,34410.1666666667,35464.5143383275,35464.5143383275,34615.98029255988,35464.5143956053,36754.19487889776,36820.00869818404
2018-07-17,41080.875,38866.125,42608.217341569616,42608.217341569616,43057.589947674525,42608.2171490921,44099.83220276217,42321.06615027655
2018-07-18,36402.4583333333,39699.5833333333,38242.44494722687,38242.44494722687,37265.78080452793,38242.445071559705,40050.94747592728,40526.840398362474
2018-07-19,34624.5416666667,36770.4583333333,36940.81212448196,36940.81212448196,34573.18099034756,36940.81214944567,35385.418851106835,37050.98146933972
2018-07-20,34887.7083333333,36047.1666666667,34366.78794543767,34366.78794543767,35704.11841884439,34366.78800629842,34264.131303914546,34223.21963529342
2018-07-21,29329.75,34942.6666666667,33000.863967572375,33000.863967572375,33280.32457729604,33000.86392293745,32778.227041124774,32600.161073445288
2018-07-22,31062.25,34204.0833333333,28834.64002941548,28834.64002941548,31442.321693376824,28834.6401813696,27608.211326013283,29185.149875285784
2018-07-23,37556.375,41897.0833333333,37364.33293996133,37364.33293996133,34006.75931324442,37364.332805940416,34878.694122407636,33859.187563074745
2018-07-24,38382.875,41080.875,39235.82490838549,39235.82490838549,37862.72876087274,39235.82496758362,38989.2032563986,37701.06629489547
2018-07-25,37062.1666666667,36402.4583333333,36510.37553974012,36510.37553974012,36860.2086706084,36510.375545519295,37950.92535689121,37556.969746409224
2018-07-26,38221.1666666667,34624.5416666667,36785.68532144082,36785.68532144082,36302.05900984556,36785.68531460052,36816.00702676516,37601.42336687882
2018-07-27,38191.5,34887.7083333333,36289.34553978208,36289.34553978208,36990.826923536224,36289.34549699017,38513.5640974681,37822.375737610506
2018-07-28,34495.75,29329.75,33363.07137027524,33363.07137027524,34224.45576055861,33363.07134860469,35717.00394250251,35698.076009061464
2018-07-29,32162.9166666667,31062.25,33515.7251471459,33515.7251471459,33949.70802702933,33515.72514023778,33497.82198322679,34525.34304211429
2018-07-30,32957.4166666667,37556.375,36139.55990271852,36139.55990271852,33496.15607132044,36139.55994245826,34654.706427462916,35302.62696527082
2018-07-31,34539.0833333333,38382.875,33774.00620960562,33774.00620960562,34670.18901778136,33774.00630507277,33097.379147265354,33273.33662670946
2018-08-01,39230.7916666667,37062.1666666667,33923.93533750008,33923.93533750008,35091.87681588348,33923.93529332322,34686.96166893167,33613.5894780603
2018-08-02,39593.0416666667,38221.1666666667,39298.6765097966,39298.6765097966,39961.2501852727,39298.67637879931,40625.64377941321,39487.358296676946
