process,family,lag,radius,candidates,mean_rule_count,mean_dimension,mean_validation_rmse,mean_gaussian_kl,mean_total_kl,mean_certificate
ar2,dense_tsk,3,1.25,25,10.2,40.8,0.8687151306940989,29.478423472704584,45.85393109576435,0.1891226701621936
ar2,dense_tsk,3,1.5,25,7.4,29.6,0.8625285716342816,18.648660460639697,33.08335597813163,0.16464182433667596
ar2,dense_tsk,3,1.75,25,4.6,18.4,0.8573260501336571,5.89890891290677,18.39279232483085,0.14395181558981074
ar2,dense_tsk,3,2.0,25,3.2,12.8,0.8527076379207975,4.043711912657239,15.567189271797396,0.13249712714578665
ar2,dense_tsk,3,2.5,25,1.0,4.0,0.846802546090216,0.2885223000830649,10.287075861991344,0.11540367721724565
ar2,dense_tsk,3,3.0,25,1.0,4.0,0.846802546090216,0.2885223000830649,10.287075861991344,0.11540367721724565
ar2,dense_tsk,3,4.0,25,1.0,4.0,0.846802546090216,0.2885223000830649,10.287075861991344,0.11540367721724565
ar2,dense_tsk,3,5.0,25,1.0,4.0,0.846802546090216,0.2885223000830649,10.287075861991344,0.11540367721724565
ar2,dense_tsk,5,1.5,25,7.6,45.6,0.8677039127236621,11.169455988881671,25.742780942485588,0.17987566790256454
ar2,dense_tsk,5,1.75,25,3.6,21.6,0.8554588621215679,6.016818584738448,17.817554816102582,0.1422202970044226
ar2,dense_tsk,5,2.0,25,1.6,9.6,0.8533414243399077,2.4485840357159216,12.863025905960166,0.12376431288162591
ar2,dense_tsk,5,2.5,25,1.0,6.0,0.8488099744345368,1.2467947243712378,11.245348286279516,0.11798667468839413
ar2,dense_tsk,5,3.0,25,1.0,6.0,0.8488099744345368,1.2467947243712378,11.245348286279516,0.11798667468839413
ar2,dense_tsk,5,4.0,25,1.0,6.0,0.8488099744345368,1.2467947243712378,11.245348286279516,0.11798667468839413
ar2,dense_tsk,5,5.0,25,1.0,6.0,0.8488099744345368,1.2467947243712378,11.245348286279516,0.11798667468839413
ar2,dense_tsk,10,1.5,25,6.6,72.6,0.880681142550509,14.956233358116142,28.836411131160112,0.19584108205346873
ar2,dense_tsk,10,1.75,25,1.6,17.6,0.8555372212955525,4.4175502347167255,14.831992104960971,0.1287855334872057
ar2,dense_tsk,10,2.0,25,1.0,11.0,0.8520900973179737,2.31175611853233,12.310309680440607,0.1216822229837699
ar2,dense_tsk,10,2.5,25,1.0,11.0,0.8520900973179737,2.31175611853233,12.310309680440607,0.1216822229837699
ar2,dense_tsk,10,3.0,25,1.0,11.0,0.8520900973179737,2.31175611853233,12.310309680440607,0.1216822229837699
ar2,dense_tsk,10,4.0,25,1.0,11.0,0.8520900973179737,2.31175611853233,12.310309680440607,0.1216822229837699
ar2,dense_tsk,10,5.0,25,1.0,11.0,0.8520900973179737,2.31175611853233,12.310309680440607,0.1216822229837699
ar2,dense_tsk,15,1.5,25,6.2,99.2,0.972124378179096,30.570913932440398,44.17383283326039,0.22091202353508774
ar2,dense_tsk,15,1.75,25,1.4,22.4,0.8611559226221503,3.7765110162038305,14.052323450336086,0.1327333124406227
ar2,dense_tsk,15,2.0,25,1.0,16.0,0.8544919247932796,2.6740886296332125,12.67264219154149,0.12533118149514066
ar2,dense_tsk,15,2.5,25,1.0,16.0,0.8544919247932796,2.6740886296332125,12.67264219154149,0.12533118149514066
ar2,dense_tsk,15,3.0,25,1.0,16.0,0.8544919247932796,2.6740886296332125,12.67264219154149,0.12533118149514066
ar2,dense_tsk,15,4.0,25,1.0,16.0,0.8544919247932796,2.6740886296332125,12.67264219154149,0.12533118149514066
ar2,dense_tsk,15,5.0,25,1.0,16.0,0.8544919247932796,2.6740886296332125,12.67264219154149,0.12533118149514066
ar2,dense_tsk,20,1.5,25,4.8,100.8,0.8975522794416874,44.3588538058423,56.991366653878366,0.22482159772172008
ar2,dense_tsk,20,1.75,25,1.0,21.0,0.8575197989655889,3.868593560799283,13.86714712270756,0.12964520327383497
ar2,dense_tsk,20,2.0,25,1.0,21.0,0.8575197989655889,3.868593560799283,13.86714712270756,0.12964520327383497
ar2,dense_tsk,20,2.5,25,1.0,21.0,0.8575197989655889,3.868593560799283,13.86714712270756,0.12964520327383497
ar2,dense_tsk,20,3.0,25,1.0,21.0,0.8575197989655889,3.868593560799283,13.86714712270756,0.12964520327383497
ar2,dense_tsk,20,4.0,25,1.0,21.0,0.8575197989655889,3.868593560799283,13.86714712270756,0.12964520327383497
ar2,dense_tsk,20,5.0,25,1.0,21.0,0.8575197989655889,3.868593560799283,13.86714712270756,0.12964520327383497
ar2,fixed_k_dense_tsk,3,,150,5.833333333333333,23.333333333333332,0.8571445719941001,13.485509014124913,24.436378675941224,0.14863575861688413
ar2,fixed_k_dense_tsk,5,,150,5.833333333333333,35.0,0.8623714403342086,12.493273905318896,23.444143567135203,0.1597268701865772
ar2,fixed_k_dense_tsk,10,,150,5.833333333333333,64.16666666666667,0.8813303606212971,20.430298453752158,31.381168115568464,0.1819048658912051
ar2,fixed_k_dense_tsk,15,,150,5.833333333333333,93.33333333333333,0.9772981991301989,44.36760158500127,55.31847124681757,0.21319705634774777
ar2,fixed_k_dense_tsk,20,,150,5.833333333333333,122.5,0.9338657030240246,67.65684483180753,78.60771449362385,0.2500395579978155
ar2,sparse_tsk,3,1.25,25,10.2,40.8,0.8683669819379066,29.405206218200473,45.78071384126025,0.18872784753523855
ar2,sparse_tsk,3,1.5,25,7.4,29.6,0.86257063757579,17.314775309836435,31.749470827328363,0.16465099082580864
ar2,sparse_tsk,3,1.75,25,4.6,18.4,0.8573274719555838,5.8739135704481065,18.367796982372187,0.1438867108210524
ar2,sparse_tsk,3,2.0,25,3.2,12.8,0.852729610357913,4.051422989145594,15.574900348285754,0.13250794706257296
ar2,sparse_tsk,3,2.5,25,1.0,4.0,0.846802546090216,0.2885223000830649,10.287075861991344,0.11540367721724565
ar2,sparse_tsk,3,3.0,25,1.0,4.0,0.846802546090216,0.2885223000830649,10.287075861991344,0.11540367721724565
ar2,sparse_tsk,3,4.0,25,1.0,4.0,0.846802546090216,0.2885223000830649,10.287075861991344,0.11540367721724565
ar2,sparse_tsk,3,5.0,25,1.0,4.0,0.846802546090216,0.2885223000830649,10.287075861991344,0.11540367721724565
ar2,sparse_tsk,5,1.5,25,7.6,45.6,0.8678178916828699,10.99711419376362,25.570439147367537,0.17889246282511664
ar2,sparse_tsk,5,1.75,25,3.6,21.6,0.8554104610419386,5.966610557789218,17.767346789153354,0.14208304946020506
ar2,sparse_tsk,5,2.0,25,1.6,9.6,0.8533414243399077,2.4485840357159216,12.863025905960166,0.12376431288162591
ar2,sparse_tsk,5,2.5,25,1.0,6.0,0.8488099744345368,1.2467947243712378,11.245348286279516,0.11798667468839413
ar2,sparse_tsk,5,3.0,25,1.0,6.0,0.8488099744345368,1.2467947243712378,11.245348286279516,0.11798667468839413
ar2,sparse_tsk,5,4.0,25,1.0,6.0,0.8488099744345368,1.2467947243712378,11.245348286279516,0.11798667468839413
ar2,sparse_tsk,5,5.0,25,1.0,6.0,0.8488099744345368,1.2467947243712378,11.245348286279516,0.11798667468839413
ar2,sparse_tsk,10,1.5,25,6.6,72.6,0.8812384595415017,14.912459609629495,28.79263738267347,0.1946293527349475
ar2,sparse_tsk,10,1.75,25,1.6,17.6,0.8555372212955525,4.4175502347167255,14.831992104960971,0.1287855334872057
ar2,sparse_tsk,10,2.0,25,1.0,11.0,0.8520900973179737,2.31175611853233,12.310309680440607,0.1216822229837699
ar2,sparse_tsk,10,2.5,25,1.0,11.0,0.8520900973179737,2.31175611853233,12.310309680440607,0.1216822229837699
ar2,sparse_tsk,10,3.0,25,1.0,11.0,0.8520900973179737,2.31175611853233,12.310309680440607,0.1216822229837699
ar2,sparse_tsk,10,4.0,25,1.0,11.0,0.8520900973179737,2.31175611853233,12.310309680440607,0.1216822229837699
ar2,sparse_tsk,10,5.0,25,1.0,11.0,0.8520900973179737,2.31175611853233,12.310309680440607,0.1216822229837699
ar2,sparse_tsk,15,1.5,25,6.2,99.2,0.9601562660614766,30.060383959805954,43.66330286062595,0.219652761614797
ar2,sparse_tsk,15,1.75,25,1.4,22.4,0.8611559226221503,3.7765110162038305,14.052323450336086,0.1327333124406227
ar2,sparse_tsk,15,2.0,25,1.0,16.0,0.8544919247932796,2.6740886296332125,12.67264219154149,0.12533118149514066
ar2,sparse_tsk,15,2.5,25,1.0,16.0,0.8544919247932796,2.6740886296332125,12.67264219154149,0.12533118149514066
ar2,sparse_tsk,15,3.0,25,1.0,16.0,0.8544919247932796,2.6740886296332125,12.67264219154149,0.12533118149514066
ar2,sparse_tsk,15,4.0,25,1.0,16.0,0.8544919247932796,2.6740886296332125,12.67264219154149,0.12533118149514066
ar2,sparse_tsk,15,5.0,25,1.0,16.0,0.8544919247932796,2.6740886296332125,12.67264219154149,0.12533118149514066
ar2,sparse_tsk,20,1.5,25,4.8,100.8,0.8981489463454081,44.623352285901795,57.25586513393787,0.224937829366101
ar2,sparse_tsk,20,1.75,25,1.0,21.0,0.8575197989655889,3.868593560799283,13.86714712270756,0.12964520327383497
ar2,sparse_tsk,20,2.0,25,1.0,21.0,0.8575197989655889,3.868593560799283,13.86714712270756,0.12964520327383497
ar2,sparse_tsk,20,2.5,25,1.0,21.0,0.8575197989655889,3.868593560799283,13.86714712270756,0.12964520327383497
ar2,sparse_tsk,20,3.0,25,1.0,21.0,0.8575197989655889,3.868593560799283,13.86714712270756,0.12964520327383497
ar2,sparse_tsk,20,4.0,25,1.0,21.0,0.8575197989655889,3.868593560799283,13.86714712270756,0.12964520327383497
ar2,sparse_tsk,20,5.0,25,1.0,21.0,0.8575197989655889,3.868593560799283,13.86714712270756,0.12964520327383497
garch,dense_tsk,3,1.75,15,10.666666666666666,42.666666666666664,1.0985520464525547,12.55492979115767,29.25390609847875,0.1650388653389095
garch,dense_tsk,3,2.0,25,8.8,35.2,1.3506791139574914,13.640190959149047,29.045292529424895,0.15373547949323849
garch,dense_tsk,3,2.5,25,5.2,20.8,1.5688242343267762,7.076742725863455,19.986514446123504,0.128547549834646
garch,dense_tsk,3,3.0,25,4.2,16.8,1.0598376277536072,5.196282745426583,17.412907285126686,0.12265176436307444
garch,dense_tsk,3,4.0,25,1.6,6.4,1.0511806407759086,0.7002633431776136,11.114705213421857,0.10609710460320868
garch,dense_tsk,3,5.0,25,1.0,4.0,1.0515685877472223,0.4247637253143624,10.42331728722264,0.10404184897729639
garch,dense_tsk,5,1.75,5,11.0,66.0,1.2233317624121403,16.6743972092781,33.604422576785836,0.18534898136073252
garch,dense_tsk,5,2.0,15,8.333333333333334,50.0,1.8325722494345802,17.58741430882343,32.66904719483797,0.16705175967892485
garch,dense_tsk,5,2.5,25,6.0,36.0,1.7490032497389452,11.178745738310097,24.6430352030181,0.1423970916020667
garch,dense_tsk,5,3.0,25,3.4,20.4,1.2118955636024429,4.774198414974073,16.43630521022622,0.123081225998319
garch,dense_tsk,5,4.0,25,1.0,6.0,1.0542696232816977,0.756015383178972,10.754568945087248,0.10493223796737042
garch,dense_tsk,5,5.0,25,1.0,6.0,1.0542696232816977,0.756015383178972,10.754568945087248,0.10493223796737042
garch,dense_tsk,10,1.75,5,10.0,110.0,1.642351768615007,29.961753178036503,46.19863136498429,0.22031321165856452
garch,dense_tsk,10,2.0,15,7.666666666666667,84.33333333333333,3.2170854971133336,6.569575397747594,21.18911016338884,0.15311688886463692
garch,dense_tsk,10,2.5,25,4.2,46.2,1.0799086386176417,5.075641664252741,17.292266203952842,0.12548452818239894
garch,dense_tsk,10,3.0,25,1.2,13.2,1.0619714351308813,1.7120878096184051,11.849270807638673,0.10835575555496466
garch,dense_tsk,10,4.0,25,1.0,11.0,1.0620868090667166,1.5623316657963324,11.56088522770461,0.10748938350224277
garch,dense_tsk,10,5.0,25,1.0,11.0,1.0620868090667166,1.5623316657963324,11.56088522770461,0.10748938350224277
garch,dense_tsk,15,1.75,5,11.0,176.0,4.726346341000786,23.305966065494466,40.2359914330022,0.23868875662964723
garch,dense_tsk,15,2.0,15,7.333333333333333,117.33333333333333,3.077435372007638,5.840868720742266,20.229354426196867,0.1525662256713068
garch,dense_tsk,15,2.5,25,3.4,54.4,1.0980223686511044,5.876839630039694,17.53894642529184,0.12501619012541196
garch,dense_tsk,15,3.0,25,1.0,16.0,1.064732111799525,2.278840068838578,12.277393630746856,0.11000860458644565
garch,dense_tsk,15,4.0,25,1.0,16.0,1.064732111799525,2.278840068838578,12.277393630746856,0.11000860458644565
garch,dense_tsk,15,5.0,25,1.0,16.0,1.064732111799525,2.278840068838578,12.277393630746856,0.11000860458644565
garch,dense_tsk,20,1.75,5,8.0,168.0,4.394095187709853,16.97643586037767,31.827019686205567,0.2189574335887686
garch,dense_tsk,20,2.0,10,3.5,73.5,1.0896859536135177,3.3423094895002263,15.073731002808367,0.11709439069825933
garch,dense_tsk,20,2.5,25,1.2,25.2,1.0713478546628412,2.866038425224125,13.00322142324439,0.11273756130620219
garch,dense_tsk,20,3.0,25,1.0,21.0,1.0713478546628412,2.87586871139143,12.874422273299707,0.11247917303965366
garch,dense_tsk,20,4.0,25,1.0,21.0,1.0713478546628412,2.87586871139143,12.874422273299707,0.11247917303965366
garch,dense_tsk,20,5.0,25,1.0,21.0,1.0713478546628412,2.87586871139143,12.874422273299707,0.11247917303965366
garch,fixed_k_dense_tsk,3,,150,5.833333333333333,23.333333333333332,1.2667563963701598,7.826255058350428,18.77712472016674,0.13038068590461144
garch,fixed_k_dense_tsk,5,,150,5.833333333333333,35.0,1.585505325074773,8.607598919859662,19.55846858167597,0.1356935951942401
garch,fixed_k_dense_tsk,10,,150,5.833333333333333,64.16666666666667,1.585834226571169,8.618186684713542,19.56905634652985,0.13959338737721985
garch,fixed_k_dense_tsk,15,,150,5.833333333333333,93.33333333333333,2.1254228424777724,6.959466951468226,17.910336613284535,0.1404223805170191
garch,fixed_k_dense_tsk,20,,150,5.833333333333333,122.5,1.5999144093140083,4.734922833062867,15.685792494879175,0.13299389555746094
garch,sparse_tsk,3,1.75,15,10.666666666666666,42.666666666666664,1.0957527998003695,12.323324824187548,29.022301131508634,0.16395398398259534
garch,sparse_tsk,3,2.0,25,8.8,35.2,1.497350452008246,12.416348465564445,27.8214500358403,0.15375658019961994
garch,sparse_tsk,3,2.5,25,5.2,20.8,1.5626424312548448,6.852577382708944,19.762349102968994,0.12802023807796994
garch,sparse_tsk,3,3.0,25,4.2,16.8,1.0595064306619735,5.220153747470298,17.4367782871704,0.12258831948142125
garch,sparse_tsk,3,4.0,25,1.6,6.4,1.0511897101319287,0.7005596777115286,11.115001547955774,0.10609755736578176
garch,sparse_tsk,3,5.0,25,1.0,4.0,1.0515685877472223,0.4247637253143624,10.42331728722264,0.10404184897729639
garch,sparse_tsk,5,1.75,5,11.0,66.0,1.2177628246107703,16.944363814392464,33.8743891819002,0.1840626136614793
garch,sparse_tsk,5,2.0,15,8.333333333333334,50.0,2.4314104080433148,17.337010192940223,32.418643078954766,0.16759627635580987
garch,sparse_tsk,5,2.5,25,6.0,36.0,1.3290986481071831,10.933757705188079,24.398047169896085,0.14186492122796174
garch,sparse_tsk,5,3.0,25,3.4,20.4,1.2241246320999868,5.169938054593287,16.832044849845435,0.12285289649935897
garch,sparse_tsk,5,4.0,25,1.0,6.0,1.0542696232816977,0.756015383178972,10.754568945087248,0.10493223796737042
garch,sparse_tsk,5,5.0,25,1.0,6.0,1.0542696232816977,0.756015383178972,10.754568945087248,0.10493223796737042
garch,sparse_tsk,10,1.75,5,10.0,110.0,1.6525959392161986,29.282882604663257,45.519760791611034,0.2186966129333377
garch,sparse_tsk,10,2.0,15,7.666666666666667,84.33333333333333,3.194313860388385,6.5698699278595525,21.1894046935008,0.15311795234009448
garch,sparse_tsk,10,2.5,25,4.2,46.2,1.0799086171225405,5.075640638488297,17.2922651781884,0.12548452648748112
garch,sparse_tsk,10,3.0,25,1.2,13.2,1.0619714351308813,1.7120878096184051,11.849270807638673,0.10835575555496466
garch,sparse_tsk,10,4.0,25,1.0,11.0,1.0620868090667166,1.5623316657963324,11.56088522770461,0.10748938350224277
garch,sparse_tsk,10,5.0,25,1.0,11.0,1.0620868090667166,1.5623316657963324,11.56088522770461,0.10748938350224277
garch,sparse_tsk,15,1.75,5,11.0,176.0,5.357857045171131,22.421738082751354,39.35176345025908,0.23725683187559418
garch,sparse_tsk,15,2.0,15,7.333333333333333,117.33333333333333,3.077326607516579,5.840874473062977,20.229360178517577,0.1525667820116448
garch,sparse_tsk,15,2.5,25,3.4,54.4,1.0980224862753414,5.876840135227902,17.538946930480048,0.12501619099146166
garch,sparse_tsk,15,3.0,25,1.0,16.0,1.064732111799525,2.278840068838578,12.277393630746856,0.11000860458644565
garch,sparse_tsk,15,4.0,25,1.0,16.0,1.064732111799525,2.278840068838578,12.277393630746856,0.11000860458644565
garch,sparse_tsk,15,5.0,25,1.0,16.0,1.064732111799525,2.278840068838578,12.277393630746856,0.11000860458644565
garch,sparse_tsk,20,1.75,5,8.0,168.0,4.233320196666433,16.75162884195956,31.602212667787455,0.21858310258427877
garch,sparse_tsk,20,2.0,10,3.5,73.5,1.0896859536135177,3.3423094895002263,15.073731002808367,0.11709439069825933
garch,sparse_tsk,20,2.5,25,1.2,25.2,1.0713478546628412,2.866038425224125,13.00322142324439,0.11273756130620219
garch,sparse_tsk,20,3.0,25,1.0,21.0,1.0713478546628412,2.87586871139143,12.874422273299707,0.11247917303965366
garch,sparse_tsk,20,4.0,25,1.0,21.0,1.0713478546628412,2.87586871139143,12.874422273299707,0.11247917303965366
garch,sparse_tsk,20,5.0,25,1.0,21.0,1.0713478546628412,2.87586871139143,12.874422273299707,0.11247917303965366
mackey_glass,dense_tsk,3,0.5,25,7.8,31.2,0.06668123050593425,12.212062461174767,26.924016850890677,0.13485310776430878
mackey_glass,dense_tsk,3,0.75,25,5.0,20.0,0.06446122374981117,5.837851701809542,18.608993985957603,0.11916305565260826
mackey_glass,dense_tsk,3,1.0,25,4.0,16.0,0.06389027882160042,5.0278156945207275,17.10581079810884,0.11321748361236399
mackey_glass,dense_tsk,3,1.25,25,3.0,12.0,0.06355698818603184,2.9735829267317175,14.358430849759886,0.1062550984069375
mackey_glass,dense_tsk,3,1.5,25,3.0,12.0,0.06355698818603184,2.9735829267317175,14.358430849759886,0.1062550984069375
mackey_glass,dense_tsk,3,1.75,25,2.2,8.8,0.06325494537112814,2.0876516203166857,12.917981798896898,0.10249927046788937
mackey_glass,dense_tsk,3,2.0,25,2.0,8.0,0.06312004884560894,1.8662010796340247,12.557901822102249,0.10167793707002999
mackey_glass,dense_tsk,3,2.5,25,1.0,4.0,0.06318100413259704,0.5281251255428296,10.526678687451108,0.09504466814675067
mackey_glass,dense_tsk,3,3.0,25,1.0,4.0,0.06318100413259704,0.5281251255428296,10.526678687451108,0.09504466814675067
mackey_glass,dense_tsk,3,4.0,25,1.0,4.0,0.06318100413259704,0.5281251255428296,10.526678687451108,0.09504466814675067
mackey_glass,dense_tsk,3,5.0,25,1.0,4.0,0.06318100413259704,0.5281251255428296,10.526678687451108,0.09504466814675067
mackey_glass,dense_tsk,5,0.5,25,11.4,68.4,0.06643056278138876,31.82439548228128,49.03167972201299,0.18106017153295997
mackey_glass,dense_tsk,5,0.75,25,6.2,37.2,0.06495778183153254,14.367275789464507,27.9701946902845,0.141509582885691
mackey_glass,dense_tsk,5,1.0,25,4.0,24.0,0.06386591715486804,9.053425848715293,21.131420952303404,0.12508795748548007
mackey_glass,dense_tsk,5,1.25,25,3.0,18.0,0.06390313261439895,6.388660888749606,17.773508811777774,0.1172591542272784
mackey_glass,dense_tsk,5,1.5,25,3.0,18.0,0.06390313261439895,6.388660888749606,17.773508811777774,0.1172591542272784
mackey_glass,dense_tsk,5,1.75,25,2.2,13.2,0.06333350273547723,5.874917544655936,16.70524772323615,0.11062396108239594
mackey_glass,dense_tsk,5,2.0,25,2.0,12.0,0.06319965811288687,5.1711442178414595,15.862844960309683,0.10842655210388351
mackey_glass,dense_tsk,5,2.5,25,1.0,6.0,0.06291586177504209,2.0525154686813822,12.05106903058966,0.09949233036847767
mackey_glass,dense_tsk,5,3.0,25,1.0,6.0,0.06291586177504209,2.0525154686813822,12.05106903058966,0.09949233036847767
mackey_glass,dense_tsk,5,4.0,25,1.0,6.0,0.06291586177504209,2.0525154686813822,12.05106903058966,0.09949233036847767
mackey_glass,dense_tsk,5,5.0,25,1.0,6.0,0.06291586177504209,2.0525154686813822,12.05106903058966,0.09949233036847767
mackey_glass,dense_tsk,10,0.75,25,8.4,92.4,0.06440585996133198,55.06144856705462,70.18929126510649,0.20119471036031902
mackey_glass,dense_tsk,10,1.0,25,5.2,57.2,0.06267588830044674,33.51074999842129,46.42052171868133,0.1725185163122244
mackey_glass,dense_tsk,10,1.25,25,4.0,44.0,0.06222685928464813,24.37098065733026,36.44897576091837,0.15395967386895548
mackey_glass,dense_tsk,10,1.5,25,2.4,26.4,0.062361717302423104,14.071732624880651,25.04069223957285,0.12943007606830548
mackey_glass,dense_tsk,10,1.75,25,2.0,22.0,0.062075488160587715,10.642415381473612,21.33411612394183,0.12130325039248699
mackey_glass,dense_tsk,10,2.0,25,2.0,22.0,0.062075488160587715,10.642415381473612,21.33411612394183,0.12130325039248699
mackey_glass,dense_tsk,10,2.5,25,1.0,11.0,0.06181094019414712,6.4230981415809945,16.42165170348927,0.1074129260721761
mackey_glass,dense_tsk,10,3.0,25,1.0,11.0,0.06181094019414712,6.4230981415809945,16.42165170348927,0.1074129260721761
mackey_glass,dense_tsk,10,4.0,25,1.0,11.0,0.06181094019414712,6.4230981415809945,16.42165170348927,0.1074129260721761
mackey_glass,dense_tsk,10,5.0,25,1.0,11.0,0.06181094019414712,6.4230981415809945,16.42165170348927,0.1074129260721761
mackey_glass,dense_tsk,15,0.75,25,10.6,169.6,0.05953143657841762,93.85606673756581,110.50883323284957,0.2607078298617371
mackey_glass,dense_tsk,15,1.0,25,6.0,96.0,0.05584466769061757,56.17633353226282,69.64062299697082,0.1976062669262981
mackey_glass,dense_tsk,15,1.25,25,4.6,73.6,0.055769480353592985,44.52246436031116,57.01634777223524,0.18377768743847864
mackey_glass,dense_tsk,15,1.5,25,2.0,32.0,0.059783175619347685,17.86236486403358,28.554065606501805,0.1368966006059247
mackey_glass,dense_tsk,15,1.75,25,2.0,32.0,0.059783175619347685,17.86236486403358,28.554065606501805,0.1368966006059247
mackey_glass,dense_tsk,15,2.0,25,1.0,16.0,0.06096376698629074,7.8900054695024275,17.888559031410704,0.11259012520446067
mackey_glass,dense_tsk,15,2.5,25,1.0,16.0,0.06096376698629074,7.8900054695024275,17.888559031410704,0.11259012520446067
mackey_glass,dense_tsk,15,3.0,25,1.0,16.0,0.06096376698629074,7.8900054695024275,17.888559031410704,0.11259012520446067
mackey_glass,dense_tsk,15,4.0,25,1.0,16.0,0.06096376698629074,7.8900054695024275,17.888559031410704,0.11259012520446067
mackey_glass,dense_tsk,15,5.0,25,1.0,16.0,0.06096376698629074,7.8900054695024275,17.888559031410704,0.11259012520446067
mackey_glass,dense_tsk,20,0.75,20,11.0,231.0,0.0536467229242779,121.37031201609015,138.30033738359788,0.29831683861917907
mackey_glass,dense_tsk,20,1.0,25,6.2,130.2,0.051542194545503774,67.1733005576068,80.7762194584268,0.21837780875955307
mackey_glass,dense_tsk,20,1.25,25,4.8,100.8,0.051528635892914815,52.850375803876,65.48288865191206,0.20010070870175067
mackey_glass,dense_tsk,20,1.5,25,3.4,71.4,0.05258875023124702,35.58883252833773,47.25093932358988,0.17825891828401455
mackey_glass,dense_tsk,20,1.75,25,1.8,37.8,0.0578350672851103,22.091539406172387,32.64461071252862,0.14454038032321745
mackey_glass,dense_tsk,20,2.0,25,1.0,21.0,0.06075716660763152,10.81783919184574,20.816392753754016,0.11952318341747635
mackey_glass,dense_tsk,20,2.5,25,1.0,21.0,0.06075716660763152,10.81783919184574,20.816392753754016,0.11952318341747635
mackey_glass,dense_tsk,20,3.0,25,1.0,21.0,0.06075716660763152,10.81783919184574,20.816392753754016,0.11952318341747635
mackey_glass,dense_tsk,20,4.0,25,1.0,21.0,0.06075716660763152,10.81783919184574,20.816392753754016,0.11952318341747635
mackey_glass,dense_tsk,20,5.0,25,1.0,21.0,0.06075716660763152,10.81783919184574,20.816392753754016,0.11952318341747635
mackey_glass,fixed_k_dense_tsk,3,,150,5.833333333333333,23.333333333333332,0.06537712329723142,7.9105357190202295,18.861405380836537,0.11829742593365554
mackey_glass,fixed_k_dense_tsk,5,,150,5.833333333333333,35.0,0.06484213602394394,15.251621412447822,26.202491074264127,0.1349881755298382
mackey_glass,fixed_k_dense_tsk,10,,150,5.833333333333333,64.16666666666667,0.0631927554755195,36.8852955918302,47.836165253646506,0.1677112415686444
mackey_glass,fixed_k_dense_tsk,15,,150,5.833333333333333,93.33333333333333,0.05728691114547634,52.20697352734496,63.15784318916126,0.19172477190587905
mackey_glass,fixed_k_dense_tsk,20,,150,5.833333333333333,122.5,0.052843919441986575,65.88307074613475,76.83394040795106,0.2118166317111159
mackey_glass,sparse_tsk,3,0.5,25,7.8,31.2,0.0666812305059845,12.212062456695312,26.92401684641122,0.13485310775767112
mackey_glass,sparse_tsk,3,0.75,25,5.0,20.0,0.06446122374981114,5.8378517018083915,18.60899398595645,0.11916305565260632
mackey_glass,sparse_tsk,3,1.0,25,4.0,16.0,0.06389027882160042,5.027815694520741,17.105810798108855,0.113217483612364
mackey_glass,sparse_tsk,3,1.25,25,3.0,12.0,0.06355698818603184,2.9735829267317175,14.358430849759886,0.1062550984069375
mackey_glass,sparse_tsk,3,1.5,25,3.0,12.0,0.06355698818603184,2.9735829267317175,14.358430849759886,0.1062550984069375
mackey_glass,sparse_tsk,3,1.75,25,2.2,8.8,0.06325494537112814,2.0876516203166857,12.917981798896898,0.10249927046788937
mackey_glass,sparse_tsk,3,2.0,25,2.0,8.0,0.06312004884560894,1.8662010796340247,12.557901822102249,0.10167793707002999
mackey_glass,sparse_tsk,3,2.5,25,1.0,4.0,0.06318100413259704,0.5281251255428296,10.526678687451108,0.09504466814675067
mackey_glass,sparse_tsk,3,3.0,25,1.0,4.0,0.06318100413259704,0.5281251255428296,10.526678687451108,0.09504466814675067
mackey_glass,sparse_tsk,3,4.0,25,1.0,4.0,0.06318100413259704,0.5281251255428296,10.526678687451108,0.09504466814675067
mackey_glass,sparse_tsk,3,5.0,25,1.0,4.0,0.06318100413259704,0.5281251255428296,10.526678687451108,0.09504466814675067
mackey_glass,sparse_tsk,5,0.5,25,11.4,68.4,0.06643029762332595,31.824558777257554,49.03184301698926,0.18106050085448167
mackey_glass,sparse_tsk,5,0.75,25,6.2,37.2,0.06495778182627258,14.367275760629454,27.97019466144945,0.14150958282834655
mackey_glass,sparse_tsk,5,1.0,25,4.0,24.0,0.06386591715486804,9.053425848715293,21.131420952303404,0.12508795748548007
mackey_glass,sparse_tsk,5,1.25,25,3.0,18.0,0.06390313261439895,6.388660888749606,17.773508811777774,0.1172591542272784
mackey_glass,sparse_tsk,5,1.5,25,3.0,18.0,0.06390313261439895,6.388660888749606,17.773508811777774,0.1172591542272784
mackey_glass,sparse_tsk,5,1.75,25,2.2,13.2,0.06333350273547723,5.874917544655936,16.70524772323615,0.11062396108239594
mackey_glass,sparse_tsk,5,2.0,25,2.0,12.0,0.06319965811288687,5.1711442178414595,15.862844960309683,0.10842655210388351
mackey_glass,sparse_tsk,5,2.5,25,1.0,6.0,0.06291586177504209,2.0525154686813822,12.05106903058966,0.09949233036847767
mackey_glass,sparse_tsk,5,3.0,25,1.0,6.0,0.06291586177504209,2.0525154686813822,12.05106903058966,0.09949233036847767
mackey_glass,sparse_tsk,5,4.0,25,1.0,6.0,0.06291586177504209,2.0525154686813822,12.05106903058966,0.09949233036847767
mackey_glass,sparse_tsk,5,5.0,25,1.0,6.0,0.06291586177504209,2.0525154686813822,12.05106903058966,0.09949233036847767
mackey_glass,sparse_tsk,10,0.75,25,8.4,92.4,0.06440586556918432,55.061433992474996,70.18927669052687,0.20119470235665746
mackey_glass,sparse_tsk,10,1.0,25,5.2,57.2,0.0626758883004397,33.5107499983929,46.42052171865296,0.1725185163121796
mackey_glass,sparse_tsk,10,1.25,25,4.0,44.0,0.06222685928464813,24.37098065733026,36.44897576091837,0.15395967386895545
mackey_glass,sparse_tsk,10,1.5,25,2.4,26.4,0.062361717302423104,14.071732624880651,25.04069223957285,0.12943007606830548
mackey_glass,sparse_tsk,10,1.75,25,2.0,22.0,0.062075488160587715,10.642415381473612,21.33411612394183,0.12130325039248699
mackey_glass,sparse_tsk,10,2.0,25,2.0,22.0,0.062075488160587715,10.642415381473612,21.33411612394183,0.12130325039248699
mackey_glass,sparse_tsk,10,2.5,25,1.0,11.0,0.06181094019414712,6.4230981415809945,16.42165170348927,0.1074129260721761
mackey_glass,sparse_tsk,10,3.0,25,1.0,11.0,0.06181094019414712,6.4230981415809945,16.42165170348927,0.1074129260721761
mackey_glass,sparse_tsk,10,4.0,25,1.0,11.0,0.06181094019414712,6.4230981415809945,16.42165170348927,0.1074129260721761
mackey_glass,sparse_tsk,10,5.0,25,1.0,11.0,0.06181094019414712,6.4230981415809945,16.42165170348927,0.1074129260721761
mackey_glass,sparse_tsk,15,0.75,25,10.6,169.6,0.05953143398073107,93.8561299149452,110.50889641022896,0.26070791603244364
mackey_glass,sparse_tsk,15,1.0,25,6.0,96.0,0.05584464679017576,56.17628287736652,69.64057234207452,0.19760625713260846
mackey_glass,sparse_tsk,15,1.25,25,4.6,73.6,0.05576948035359309,44.522464360311396,57.01634777223548,0.18377768743847903
mackey_glass,sparse_tsk,15,1.5,25,2.0,32.0,0.059783175619347685,17.86236486403358,28.554065606501805,0.1368966006059247
mackey_glass,sparse_tsk,15,1.75,25,2.0,32.0,0.059783175619347685,17.86236486403358,28.554065606501805,0.1368966006059247
mackey_glass,sparse_tsk,15,2.0,25,1.0,16.0,0.06096376698629074,7.8900054695024275,17.888559031410704,0.11259012520446067
mackey_glass,sparse_tsk,15,2.5,25,1.0,16.0,0.06096376698629074,7.8900054695024275,17.888559031410704,0.11259012520446067
mackey_glass,sparse_tsk,15,3.0,25,1.0,16.0,0.06096376698629074,7.8900054695024275,17.888559031410704,0.11259012520446067
mackey_glass,sparse_tsk,15,4.0,25,1.0,16.0,0.06096376698629074,7.8900054695024275,17.888559031410704,0.11259012520446067
mackey_glass,sparse_tsk,15,5.0,25,1.0,16.0,0.06096376698629074,7.8900054695024275,17.888559031410704,0.11259012520446067
mackey_glass,sparse_tsk,20,0.75,20,11.0,231.0,0.05364675720113218,121.37018559143192,138.30021095893963,0.29831624465197654
mackey_glass,sparse_tsk,20,1.0,25,6.2,130.2,0.051542199434918015,67.1733066630596,80.77622556387959,0.21837781748460142
mackey_glass,sparse_tsk,20,1.25,25,4.8,100.8,0.0515286319721708,52.85457623264432,65.48708908068039,0.20010392332368895
mackey_glass,sparse_tsk,20,1.5,25,3.4,71.4,0.0525887502550143,35.58883253012515,47.2509393253773,0.1782589182873645
mackey_glass,sparse_tsk,20,1.75,25,1.8,37.8,0.0578350672851103,22.091539406172387,32.64461071252862,0.14454038032321745
mackey_glass,sparse_tsk,20,2.0,25,1.0,21.0,0.06075716660763152,10.81783919184574,20.816392753754016,0.11952318341747635
mackey_glass,sparse_tsk,20,2.5,25,1.0,21.0,0.06075716660763152,10.81783919184574,20.816392753754016,0.11952318341747635
mackey_glass,sparse_tsk,20,3.0,25,1.0,21.0,0.06075716660763152,10.81783919184574,20.816392753754016,0.11952318341747635
mackey_glass,sparse_tsk,20,4.0,25,1.0,21.0,0.06075716660763152,10.81783919184574,20.816392753754016,0.11952318341747635
mackey_glass,sparse_tsk,20,5.0,25,1.0,21.0,0.06075716660763152,10.81783919184574,20.816392753754016,0.11952318341747635
narma10,dense_tsk,3,1.0,5,12.0,48.0,0.9323759132367201,47.91756040950471,65.54073295757239,0.2183173381872129
narma10,dense_tsk,3,1.25,25,8.0,32.0,0.9258484003466068,21.904957335004728,36.75554116083263,0.1651167964712293
narma10,dense_tsk,3,1.5,25,6.2,24.8,0.9225912512158032,14.94466301666756,28.547581917487552,0.15646306493781936
narma10,dense_tsk,3,1.75,25,3.6,14.4,0.9167255294921212,5.7856803243570445,17.58641655572118,0.1278485245288715
narma10,dense_tsk,3,2.0,25,2.6,10.4,0.9136083858419529,2.846772197000547,13.954361247804735,0.12171821926490646
narma10,dense_tsk,3,2.5,25,2.0,8.0,0.9157602018340196,2.881226534832505,13.572927277300728,0.11689876891491403
narma10,dense_tsk,3,3.0,25,1.2,4.8,0.9178670303874672,2.1731296439667007,12.310312641986968,0.11242175965914267
narma10,dense_tsk,3,4.0,25,1.0,4.0,0.9163140312600889,1.2830038873175098,11.281557449225788,0.11066528793437916
narma10,dense_tsk,3,5.0,25,1.0,4.0,0.9163140312600889,1.2830038873175098,11.281557449225788,0.11066528793437916
narma10,dense_tsk,5,1.25,15,9.666666666666666,58.0,0.9109197714074397,32.969377685332034,48.97520681209317,0.20104415627764255
narma10,dense_tsk,5,1.5,25,6.4,38.4,0.9274707276700451,18.449017747184865,32.19056608411685,0.16579390081392922
narma10,dense_tsk,5,1.75,25,3.6,21.6,0.9163470336430503,3.913437544471679,15.714173775835814,0.13301481957107675
narma10,dense_tsk,5,2.0,25,2.2,13.2,0.913007548498081,3.777509996800437,14.60784017538065,0.120374923251446
narma10,dense_tsk,5,2.5,25,1.8,10.8,0.9157331903425494,3.211727790094167,13.764799096450401,0.11692470967049161
narma10,dense_tsk,5,3.0,25,1.0,6.0,0.9139841474811077,1.4293753801302271,11.427928942038504,0.11149836767591434
narma10,dense_tsk,5,4.0,25,1.0,6.0,0.9139841474811077,1.4293753801302271,11.427928942038504,0.11149836767591434
narma10,dense_tsk,5,5.0,25,1.0,6.0,0.9139841474811077,1.4293753801302271,11.427928942038504,0.11149836767591434
narma10,dense_tsk,10,1.25,5,10.0,110.0,0.7366911989085757,22.723340136478303,38.96021832342609,0.19331319693882554
narma10,dense_tsk,10,1.5,25,6.8,74.8,0.8442967429315796,29.335364117699772,43.35417132685573,0.18637873614770784
narma10,dense_tsk,10,1.75,25,4.2,46.2,0.8260004122006209,10.887943667691179,23.10456820739128,0.1466441007381543
narma10,dense_tsk,10,2.0,25,2.0,22.0,0.8102132889158566,4.31236443482627,15.004065177294493,0.11985218914994446
narma10,dense_tsk,10,2.5,25,1.0,11.0,0.8055865867244231,1.7504693541855745,11.749022916093852,0.11030630246881495
narma10,dense_tsk,10,3.0,25,1.0,11.0,0.8055865867244231,1.7504693541855745,11.749022916093852,0.11030630246881495
narma10,dense_tsk,10,4.0,25,1.0,11.0,0.8055865867244231,1.7504693541855745,11.749022916093852,0.11030630246881495
narma10,dense_tsk,10,5.0,25,1.0,11.0,0.8055865867244231,1.7504693541855745,11.749022916093852,0.11030630246881495
narma10,dense_tsk,15,1.5,25,6.8,108.8,0.8608835958451497,47.561644553137654,61.58045176229362,0.24685220745152947
narma10,dense_tsk,15,1.75,25,3.0,48.0,0.8288983407467478,9.294866001009545,20.679713924037713,0.1433193364620751
narma10,dense_tsk,15,2.0,25,1.6,25.6,0.8118557679034017,4.875097027690527,15.289538897934772,0.12170557866055126
narma10,dense_tsk,15,2.5,25,1.0,16.0,0.8038060103562679,2.150626468652184,12.149180030560462,0.11300061802427232
narma10,dense_tsk,15,3.0,25,1.0,16.0,0.8038060103562679,2.150626468652184,12.149180030560462,0.11300061802427232
narma10,dense_tsk,15,4.0,25,1.0,16.0,0.8038060103562679,2.150626468652184,12.149180030560462,0.11300061802427232
narma10,dense_tsk,15,5.0,25,1.0,16.0,0.8038060103562679,2.150626468652184,12.149180030560462,0.11300061802427232
narma10,dense_tsk,20,1.5,25,8.0,168.0,0.9154258765664628,102.8519518794994,117.70253570532728,0.3057235801059312
narma10,dense_tsk,20,1.75,25,2.6,54.6,0.8026413620802999,13.206951447386405,24.314540498190595,0.14770979654901548
narma10,dense_tsk,20,2.0,25,1.4,29.4,0.7891160102397314,4.976032962049667,15.251845396181922,0.12224355286842085
narma10,dense_tsk,20,2.5,25,1.0,21.0,0.7861419005906296,3.0209177680315893,13.019471329939869,0.11571065663229044
narma10,dense_tsk,20,3.0,25,1.0,21.0,0.7861419005906296,3.0209177680315893,13.019471329939869,0.11571065663229044
narma10,dense_tsk,20,4.0,25,1.0,21.0,0.7861419005906296,3.0209177680315893,13.019471329939869,0.11571065663229044
narma10,dense_tsk,20,5.0,25,1.0,21.0,0.7861419005906296,3.0209177680315893,13.019471329939869,0.11571065663229044
narma10,fixed_k_dense_tsk,3,,150,5.833333333333333,23.333333333333332,0.9214458473322164,14.490012106031969,25.440881767848282,0.1472458723391726
narma10,fixed_k_dense_tsk,5,,150,5.833333333333333,35.0,0.926012063489086,16.35171999364879,27.3025896554651,0.15513919603475365
narma10,fixed_k_dense_tsk,10,,150,5.833333333333333,64.16666666666667,0.851237310971433,17.871572697352523,28.822442359168836,0.171316129203832
narma10,fixed_k_dense_tsk,15,,150,5.833333333333333,93.33333333333333,1.0468367205248887,50.452092910865915,61.40296257268223,0.21209042578044598
narma10,fixed_k_dense_tsk,20,,150,5.833333333333333,122.5,0.9028830164460774,58.267985761603065,69.21885542341937,0.23829275774926137
narma10,sparse_tsk,3,1.0,5,12.0,48.0,0.9320023957941486,48.12962877217433,65.75280132024201,0.21793700294082866
narma10,sparse_tsk,3,1.25,25,8.0,32.0,0.9261424150004318,21.749390362773386,36.59997418860129,0.1648723769897754
narma10,sparse_tsk,3,1.5,25,6.2,24.8,0.9224238762370773,14.938025200735286,28.54094410155528,0.15630070593423107
narma10,sparse_tsk,3,1.75,25,3.6,14.4,0.9167438877562994,5.787082950432993,17.58781918179713,0.12783470979400208
narma10,sparse_tsk,3,2.0,25,2.6,10.4,0.9136051876286294,2.848484630777351,13.95607368158154,0.12171592170642874
narma10,sparse_tsk,3,2.5,25,2.0,8.0,0.9157602018340196,2.881226534832505,13.572927277300728,0.11689876891491403
narma10,sparse_tsk,3,3.0,25,1.2,4.8,0.9178670303874672,2.1731296439667007,12.310312641986968,0.11242175965914267
narma10,sparse_tsk,3,4.0,25,1.0,4.0,0.9163140312600889,1.2830038873175098,11.281557449225788,0.11066528793437916
narma10,sparse_tsk,3,5.0,25,1.0,4.0,0.9163140312600889,1.2830038873175098,11.281557449225788,0.11066528793437916
narma10,sparse_tsk,5,1.25,15,9.666666666666666,58.0,0.9116488933113085,32.06329613768477,48.069125264445915,0.20069382647138323
narma10,sparse_tsk,5,1.5,25,6.4,38.4,0.9275977938881731,18.56695504723566,32.30850338416764,0.16556212078824528
narma10,sparse_tsk,5,1.75,25,3.6,21.6,0.916269846234422,3.910199226651884,15.710935458016019,0.1327595219054034
narma10,sparse_tsk,5,2.0,25,2.2,13.2,0.913007548498081,3.777509996800437,14.60784017538065,0.120374923251446
narma10,sparse_tsk,5,2.5,25,1.8,10.8,0.9157331903425494,3.211727790094167,13.764799096450401,0.11692470967049161
narma10,sparse_tsk,5,3.0,25,1.0,6.0,0.9139841474811077,1.4293753801302271,11.427928942038504,0.11149836767591434
narma10,sparse_tsk,5,4.0,25,1.0,6.0,0.9139841474811077,1.4293753801302271,11.427928942038504,0.11149836767591434
narma10,sparse_tsk,5,5.0,25,1.0,6.0,0.9139841474811077,1.4293753801302271,11.427928942038504,0.11149836767591434
narma10,sparse_tsk,10,1.25,5,10.0,110.0,0.7361079888581508,23.169830798407396,39.40670898535518,0.1938225078745979
narma10,sparse_tsk,10,1.5,25,6.8,74.8,0.8444296749677216,29.58914782482469,43.60795503398065,0.1859420688719933
narma10,sparse_tsk,10,1.75,25,4.2,46.2,0.8256389951818524,10.783298759246284,22.99992329894639,0.1461914915769588
narma10,sparse_tsk,10,2.0,25,2.0,22.0,0.8102132889158566,4.31236443482627,15.004065177294493,0.11985218914994446
narma10,sparse_tsk,10,2.5,25,1.0,11.0,0.8055865867244231,1.7504693541855745,11.749022916093852,0.11030630246881495
narma10,sparse_tsk,10,3.0,25,1.0,11.0,0.8055865867244231,1.7504693541855745,11.749022916093852,0.11030630246881495
narma10,sparse_tsk,10,4.0,25,1.0,11.0,0.8055865867244231,1.7504693541855745,11.749022916093852,0.11030630246881495
narma10,sparse_tsk,10,5.0,25,1.0,11.0,0.8055865867244231,1.7504693541855745,11.749022916093852,0.11030630246881495
narma10,sparse_tsk,15,1.5,25,6.8,108.8,0.8647514733410895,45.054534381793474,59.07334159094944,0.24739854502214836
narma10,sparse_tsk,15,1.75,25,3.0,48.0,0.828410154975276,9.311711098759014,20.69655902178718,0.14305607699021006
narma10,sparse_tsk,15,2.0,25,1.6,25.6,0.8118557679034017,4.875097027690527,15.289538897934772,0.12170557866055126
narma10,sparse_tsk,15,2.5,25,1.0,16.0,0.8038060103562679,2.150626468652184,12.149180030560462,0.11300061802427232
narma10,sparse_tsk,15,3.0,25,1.0,16.0,0.8038060103562679,2.150626468652184,12.149180030560462,0.11300061802427232
narma10,sparse_tsk,15,4.0,25,1.0,16.0,0.8038060103562679,2.150626468652184,12.149180030560462,0.11300061802427232
narma10,sparse_tsk,15,5.0,25,1.0,16.0,0.8038060103562679,2.150626468652184,12.149180030560462,0.11300061802427232
narma10,sparse_tsk,20,1.5,25,8.0,168.0,0.9172417132809774,102.61921937422346,117.46980320005136,0.30533188220743607
narma10,sparse_tsk,20,1.75,25,2.6,54.6,0.802837723433615,13.214435655180115,24.322024705984305,0.14769604386985272
narma10,sparse_tsk,20,2.0,25,1.4,29.4,0.7891160102397314,4.976032962049667,15.251845396181922,0.12224355286842085
narma10,sparse_tsk,20,2.5,25,1.0,21.0,0.7861419005906296,3.0209177680315893,13.019471329939869,0.11571065663229044
narma10,sparse_tsk,20,3.0,25,1.0,21.0,0.7861419005906296,3.0209177680315893,13.019471329939869,0.11571065663229044
narma10,sparse_tsk,20,4.0,25,1.0,21.0,0.7861419005906296,3.0209177680315893,13.019471329939869,0.11571065663229044
narma10,sparse_tsk,20,5.0,25,1.0,21.0,0.7861419005906296,3.0209177680315893,13.019471329939869,0.11571065663229044
setar,dense_tsk,3,1.25,20,11.0,44.0,0.9328814701353899,29.737166785004213,46.667192152511944,0.19271248181426498
setar,dense_tsk,3,1.5,25,7.4,29.6,0.9208898211633323,18.925127772881478,33.359823290373406,0.16357590736978753
setar,dense_tsk,3,1.75,25,4.8,19.2,0.9197559606412967,10.02602209065489,22.65853493869096,0.14651727862236869
setar,dense_tsk,3,2.0,25,3.8,15.2,0.9224508144283264,4.290309300653391,16.229674968129515,0.13836579522227338
setar,dense_tsk,3,2.5,25,1.2,4.8,0.9423269847228346,0.4015562696745981,10.538739267694863,0.11977090239066981
setar,dense_tsk,3,3.0,25,1.0,4.0,0.9421549802611233,0.3659809903758498,10.364534552284127,0.1187788110259088
setar,dense_tsk,3,4.0,25,1.0,4.0,0.9421549802611233,0.3659809903758498,10.364534552284127,0.1187788110259088
setar,dense_tsk,3,5.0,25,1.0,4.0,0.9421549802611233,0.3659809903758498,10.364534552284127,0.1187788110259088
setar,dense_tsk,5,1.5,25,9.0,54.0,0.9427488615767884,25.58052279154119,41.12425379792903,0.1953359699969199
setar,dense_tsk,5,1.75,25,4.4,26.4,0.9443943508658009,5.9885868791653625,18.343840854977454,0.15496280476163057
setar,dense_tsk,5,2.0,25,1.8,10.8,0.9450181802728003,3.655536932908942,14.208608239265176,0.12825303108731761
setar,dense_tsk,5,2.5,25,1.0,6.0,0.9453245591957153,1.1155202143527234,11.114073776261,0.12093629271244176
setar,dense_tsk,5,3.0,25,1.0,6.0,0.9453245591957153,1.1155202143527234,11.114073776261,0.12093629271244176
setar,dense_tsk,5,4.0,25,1.0,6.0,0.9453245591957153,1.1155202143527234,11.114073776261,0.12093629271244176
setar,dense_tsk,5,5.0,25,1.0,6.0,0.9453245591957153,1.1155202143527234,11.114073776261,0.12093629271244176
setar,dense_tsk,10,1.5,20,7.5,82.5,0.9569585420473097,25.16670065331635,39.67071088886427,0.21450284027269878
setar,dense_tsk,10,1.75,25,3.4,37.4,0.9632502219397222,7.547818019134465,19.20992481438661,0.16006839119354854
setar,dense_tsk,10,2.0,25,1.2,13.2,0.9503444774119321,2.4852284950872363,12.622411493107501,0.12657476373751766
setar,dense_tsk,10,2.5,25,1.0,11.0,0.9486452499921854,2.1744802638413243,12.1730338257496,0.12447701138401365
setar,dense_tsk,10,3.0,25,1.0,11.0,0.9486452499921854,2.1744802638413243,12.1730338257496,0.12447701138401365
setar,dense_tsk,10,4.0,25,1.0,11.0,0.9486452499921854,2.1744802638413243,12.1730338257496,0.12447701138401365
setar,dense_tsk,10,5.0,25,1.0,11.0,0.9486452499921854,2.1744802638413243,12.1730338257496,0.12447701138401365
setar,dense_tsk,15,1.5,15,4.666666666666667,74.66666666666667,0.9670356406795964,13.220363707817064,25.760456931778474,0.18462225632053988
setar,dense_tsk,15,1.75,25,1.8,28.8,0.9626097774535322,15.020865277793748,25.57393658414998,0.15824798370137433
setar,dense_tsk,15,2.0,25,1.2,19.2,0.9557695976759816,8.853635645105891,18.990818643126158,0.13835240338564192
setar,dense_tsk,15,2.5,25,1.0,16.0,0.9496032584098417,2.8590705163062666,12.857624078214544,0.12718311301785135
setar,dense_tsk,15,3.0,25,1.0,16.0,0.9496032584098417,2.8590705163062666,12.857624078214544,0.12718311301785135
setar,dense_tsk,15,4.0,25,1.0,16.0,0.9496032584098417,2.8590705163062666,12.857624078214544,0.12718311301785135
setar,dense_tsk,15,5.0,25,1.0,16.0,0.9496032584098417,2.8590705163062666,12.857624078214544,0.12718311301785135
setar,dense_tsk,20,1.5,20,6.5,136.5,1.4644380164099562,46.103741143536425,59.9146041985244,0.2606238089649314
setar,dense_tsk,20,1.75,25,2.2,46.2,0.9863306720685199,38.479928562834935,49.31025874141515,0.18409727786315083
setar,dense_tsk,20,2.0,25,1.0,21.0,0.9516891779881494,3.891146653002559,13.889700214910835,0.13053045153531206
setar,dense_tsk,20,2.5,25,1.0,21.0,0.9516891779881494,3.891146653002559,13.889700214910835,0.13053045153531206
setar,dense_tsk,20,3.0,25,1.0,21.0,0.9516891779881494,3.891146653002559,13.889700214910835,0.13053045153531206
setar,dense_tsk,20,4.0,25,1.0,21.0,0.9516891779881494,3.891146653002559,13.889700214910835,0.13053045153531206
setar,dense_tsk,20,5.0,25,1.0,21.0,0.9516891779881494,3.891146653002559,13.889700214910835,0.13053045153531206
setar,fixed_k_dense_tsk,3,,150,5.833333333333333,23.333333333333332,0.9266944556531678,12.30323738112549,23.2541070429418,0.14943067164543317
setar,fixed_k_dense_tsk,5,,150,5.833333333333333,35.0,0.9467477872527036,15.084318195444133,26.03518785726044,0.16325857642455588
setar,fixed_k_dense_tsk,10,,150,5.833333333333333,64.16666666666667,0.9798985817286492,24.70860700972365,35.65947667153996,0.1923410694039733
setar,fixed_k_dense_tsk,15,,150,5.833333333333333,93.33333333333333,1.0929686650264905,40.850452055959316,51.80132171777563,0.22830068041044527
setar,fixed_k_dense_tsk,20,,150,5.833333333333333,122.5,1.1044564324366029,66.95354775724223,77.90441741905855,0.2612962108228689
setar,sparse_tsk,3,1.25,20,11.0,44.0,0.9330762009443564,28.40068438682768,45.33070975433541,0.19274174628185345
setar,sparse_tsk,3,1.5,25,7.4,29.6,0.9217146334392718,19.083817229996573,33.5185127474885,0.1637025693268587
setar,sparse_tsk,3,1.75,25,4.8,19.2,0.9196682582149416,10.125028888569998,22.75754173660607,0.14658813825320716
setar,sparse_tsk,3,2.0,25,3.8,15.2,0.9222393677166081,4.32829886532893,16.267664532805053,0.13835253750832663
setar,sparse_tsk,3,2.5,25,1.2,4.8,0.9423269847228346,0.4015562696745981,10.538739267694863,0.11977090239066981
setar,sparse_tsk,3,3.0,25,1.0,4.0,0.9421549802611233,0.3659809903758498,10.364534552284127,0.1187788110259088
setar,sparse_tsk,3,4.0,25,1.0,4.0,0.9421549802611233,0.3659809903758498,10.364534552284127,0.1187788110259088
setar,sparse_tsk,3,5.0,25,1.0,4.0,0.9421549802611233,0.3659809903758498,10.364534552284127,0.1187788110259088
setar,sparse_tsk,5,1.5,25,9.0,54.0,0.9436058444046374,25.474678656355945,41.018409662743785,0.1942971830628579
setar,sparse_tsk,5,1.75,25,4.4,26.4,0.9450747787943196,6.153080807162473,18.508334782974565,0.15494626250146454
setar,sparse_tsk,5,2.0,25,1.8,10.8,0.9450181802728003,3.655536932908942,14.208608239265176,0.12825303108731761
setar,sparse_tsk,5,2.5,25,1.0,6.0,0.9453245591957153,1.1155202143527234,11.114073776261,0.12093629271244176
setar,sparse_tsk,5,3.0,25,1.0,6.0,0.9453245591957153,1.1155202143527234,11.114073776261,0.12093629271244176
setar,sparse_tsk,5,4.0,25,1.0,6.0,0.9453245591957153,1.1155202143527234,11.114073776261,0.12093629271244176
setar,sparse_tsk,5,5.0,25,1.0,6.0,0.9453245591957153,1.1155202143527234,11.114073776261,0.12093629271244176
setar,sparse_tsk,10,1.5,20,7.5,82.5,0.9580681307395855,25.168549558602955,39.67255979415088,0.21410831848141712
setar,sparse_tsk,10,1.75,25,3.4,37.4,0.9633474638644773,9.028345160262228,20.690451955514373,0.1604304815660364
setar,sparse_tsk,10,2.0,25,1.2,13.2,0.9503444774119321,2.4852284950872363,12.622411493107501,0.12657476373751766
setar,sparse_tsk,10,2.5,25,1.0,11.0,0.9486452499921854,2.1744802638413243,12.1730338257496,0.12447701138401365
setar,sparse_tsk,10,3.0,25,1.0,11.0,0.9486452499921854,2.1744802638413243,12.1730338257496,0.12447701138401365
setar,sparse_tsk,10,4.0,25,1.0,11.0,0.9486452499921854,2.1744802638413243,12.1730338257496,0.12447701138401365
setar,sparse_tsk,10,5.0,25,1.0,11.0,0.9486452499921854,2.1744802638413243,12.1730338257496,0.12447701138401365
setar,sparse_tsk,15,1.5,15,4.666666666666667,74.66666666666667,0.9664960093400706,13.138092574259975,25.678185798221385,0.18437214614411557
setar,sparse_tsk,15,1.75,25,1.8,28.8,0.9624169242298644,15.026495103621103,25.57956640997734,0.15822852359429312
setar,sparse_tsk,15,2.0,25,1.2,19.2,0.9557695976759816,8.853635645105891,18.990818643126158,0.13835240338564192
setar,sparse_tsk,15,2.5,25,1.0,16.0,0.9496032584098417,2.8590705163062666,12.857624078214544,0.12718311301785135
setar,sparse_tsk,15,3.0,25,1.0,16.0,0.9496032584098417,2.8590705163062666,12.857624078214544,0.12718311301785135
setar,sparse_tsk,15,4.0,25,1.0,16.0,0.9496032584098417,2.8590705163062666,12.857624078214544,0.12718311301785135
setar,sparse_tsk,15,5.0,25,1.0,16.0,0.9496032584098417,2.8590705163062666,12.857624078214544,0.12718311301785135
setar,sparse_tsk,20,1.5,20,6.5,136.5,1.3928005304541866,44.90437855138959,58.715241606377575,0.26023485237256255
setar,sparse_tsk,20,1.75,25,2.2,46.2,0.9876265266119947,38.32636830951353,49.156698488093745,0.1840412149578762
setar,sparse_tsk,20,2.0,25,1.0,21.0,0.9516891779881494,3.891146653002559,13.889700214910835,0.13053045153531206
setar,sparse_tsk,20,2.5,25,1.0,21.0,0.9516891779881494,3.891146653002559,13.889700214910835,0.13053045153531206
setar,sparse_tsk,20,3.0,25,1.0,21.0,0.9516891779881494,3.891146653002559,13.889700214910835,0.13053045153531206
setar,sparse_tsk,20,4.0,25,1.0,21.0,0.9516891779881494,3.891146653002559,13.889700214910835,0.13053045153531206
setar,sparse_tsk,20,5.0,25,1.0,21.0,0.9516891779881494,3.891146653002559,13.889700214910835,0.13053045153531206
structural_break,dense_tsk,3,1.0,20,11.25,45.0,1.4006344914656157,44.440929954380564,61.54424211702828,0.23175140331105623
structural_break,dense_tsk,3,1.25,25,7.4,29.6,1.4055225365280852,28.009868742766777,42.4445642602587,0.1952829510939439
structural_break,dense_tsk,3,1.5,25,4.4,17.6,1.422244770289603,16.595896684777923,28.951150660590017,0.16236254249368665
structural_break,dense_tsk,3,1.75,25,3.0,12.0,1.4346843391793644,10.248427683767853,21.63327560679602,0.14514527626294965
structural_break,dense_tsk,3,2.0,25,2.8,11.2,1.4349753586170877,9.608877950424526,20.855096437340702,0.14371074920244642
structural_break,dense_tsk,3,2.5,25,1.2,4.8,1.455836169370464,4.894796738182692,15.03197973620296,0.12921406852818915
structural_break,dense_tsk,3,3.0,25,1.0,4.0,1.4591710054266245,3.6092094068508236,13.6077629687591,0.12659692682828935
structural_break,dense_tsk,3,4.0,25,1.0,4.0,1.4591710054266245,3.6092094068508236,13.6077629687591,0.12659692682828935
structural_break,dense_tsk,3,5.0,25,1.0,4.0,1.4591710054266245,3.6092094068508236,13.6077629687591,0.12659692682828935
structural_break,dense_tsk,5,1.25,25,8.4,50.4,1.404835092455748,58.236655486097376,73.36449818414926,0.24314834938153077
structural_break,dense_tsk,5,1.5,25,5.0,30.0,1.4173053780515792,27.361738488869904,40.132880773017966,0.1849386292961589
structural_break,dense_tsk,5,1.75,25,3.0,18.0,1.4096741754152895,16.42671414439666,27.811562067424823,0.1578280432778028
structural_break,dense_tsk,5,2.0,25,2.4,14.4,1.4161117016039844,12.937430674192562,23.906390288884765,0.15162046311665953
structural_break,dense_tsk,5,2.5,25,1.2,7.2,1.4331273592514053,6.765967356138557,16.90315035415882,0.13454338369849522
structural_break,dense_tsk,5,3.0,25,1.0,6.0,1.4372686601810896,5.156547966700211,15.155101528608489,0.13080075872748206
structural_break,dense_tsk,5,4.0,25,1.0,6.0,1.4372686601810896,5.156547966700211,15.155101528608489,0.13080075872748206
structural_break,dense_tsk,5,5.0,25,1.0,6.0,1.4372686601810896,5.156547966700211,15.155101528608489,0.13080075872748206
structural_break,dense_tsk,10,1.25,25,10.2,112.2,1.4418364911972095,150.32791292704775,166.70342055010752,0.3453533069260956
structural_break,dense_tsk,10,1.5,25,5.0,55.0,1.3953622094392626,49.80537878835108,62.57652107249913,0.22920610712190304
structural_break,dense_tsk,10,1.75,25,2.2,24.2,1.390277183604922,23.93606132946276,34.76639150804297,0.17193037934093713
structural_break,dense_tsk,10,2.0,25,1.4,15.4,1.4028741142543706,14.31191956693616,24.587732001068417,0.14953270233886393
structural_break,dense_tsk,10,2.5,25,1.0,11.0,1.4126565995121358,9.58357498574611,19.582128547654385,0.1408807789730961
structural_break,dense_tsk,10,3.0,25,1.0,11.0,1.4126565995121358,9.58357498574611,19.582128547654385,0.1408807789730961
structural_break,dense_tsk,10,4.0,25,1.0,11.0,1.4126565995121358,9.58357498574611,19.582128547654385,0.1408807789730961
structural_break,dense_tsk,10,5.0,25,1.0,11.0,1.4126565995121358,9.58357498574611,19.582128547654385,0.1408807789730961
structural_break,dense_tsk,15,1.25,10,12.0,192.0,2.086802159458398,298.40323412317946,316.0264066712471,0.4769081770295858
structural_break,dense_tsk,15,1.5,25,4.4,70.4,1.4249309660792207,70.08572971387649,82.44098368968858,0.2543382910357573
structural_break,dense_tsk,15,1.75,25,1.4,22.4,1.4116656512404395,20.147965522216456,30.423777956348708,0.163699685390084
structural_break,dense_tsk,15,2.0,25,1.2,19.2,1.4154568914334629,16.567291075822443,26.704474073842707,0.15636970007040962
structural_break,dense_tsk,15,2.5,25,1.0,16.0,1.4153227345802335,13.68777683683161,23.686330398739887,0.15075058183078408
structural_break,dense_tsk,15,3.0,25,1.0,16.0,1.4153227345802335,13.68777683683161,23.686330398739887,0.15075058183078408
structural_break,dense_tsk,15,4.0,25,1.0,16.0,1.4153227345802335,13.68777683683161,23.686330398739887,0.15075058183078408
structural_break,dense_tsk,15,5.0,25,1.0,16.0,1.4153227345802335,13.68777683683161,23.686330398739887,0.15075058183078408
structural_break,dense_tsk,20,1.25,10,11.5,241.5,1.7622236964994447,503.8797712704921,521.1563702282798,0.6153450037873875
structural_break,dense_tsk,20,1.5,25,4.6,96.6,1.4554751702513269,96.17065013608338,108.66453354800746,0.28903871216206317
structural_break,dense_tsk,20,1.75,25,1.2,25.2,1.4088936892160877,23.301403477561347,33.438586475581616,0.16854618305109248
structural_break,dense_tsk,20,2.0,25,1.0,21.0,1.408504609494022,19.337337559573786,29.335891121482064,0.16099435716348764
structural_break,dense_tsk,20,2.5,25,1.0,21.0,1.408504609494022,19.337337559573786,29.335891121482064,0.16099435716348764
structural_break,dense_tsk,20,3.0,25,1.0,21.0,1.408504609494022,19.337337559573786,29.335891121482064,0.16099435716348764
structural_break,dense_tsk,20,4.0,25,1.0,21.0,1.408504609494022,19.337337559573786,29.335891121482064,0.16099435716348764
structural_break,dense_tsk,20,5.0,25,1.0,21.0,1.408504609494022,19.337337559573786,29.335891121482064,0.16099435716348764
structural_break,fixed_k_dense_tsk,3,,150,5.833333333333333,23.333333333333332,1.4220998033665355,22.96185647182738,33.91272613364369,0.1719270592979634
structural_break,fixed_k_dense_tsk,5,,150,5.833333333333333,35.0,1.4113573956369667,38.29566451137139,49.246534173187705,0.19524401012500286
structural_break,fixed_k_dense_tsk,10,,150,5.833333333333333,64.16666666666667,1.3993386412786548,72.01131660609099,82.9621862679073,0.24078569557322516
structural_break,fixed_k_dense_tsk,15,,150,5.833333333333333,93.33333333333333,1.4795639185444442,113.17334210734329,124.12421176915959,0.2873658537371767
structural_break,fixed_k_dense_tsk,20,,150,5.833333333333333,122.5,1.4770227197784118,183.14366913037892,194.0945387921952,0.3379154370322072
structural_break,sparse_tsk,3,1.0,20,11.25,45.0,1.4005534983307466,41.95324209861839,59.0565542612661,0.23156372374225373
structural_break,sparse_tsk,3,1.25,25,7.4,29.6,1.4054820589934391,27.928005602777127,42.36270112026906,0.19508304979693666
structural_break,sparse_tsk,3,1.5,25,4.4,17.6,1.4222474146947273,16.5952502046625,28.950504180474592,0.16236063576489715
structural_break,sparse_tsk,3,1.75,25,3.0,12.0,1.4346843391793644,10.248427683767853,21.63327560679602,0.14514527626294965
structural_break,sparse_tsk,3,2.0,25,2.8,11.2,1.4349753586170877,9.608877950424526,20.855096437340702,0.14371074920244642
structural_break,sparse_tsk,3,2.5,25,1.2,4.8,1.455836169370464,4.894796738182692,15.03197973620296,0.12921406852818915
structural_break,sparse_tsk,3,3.0,25,1.0,4.0,1.4591710054266245,3.6092094068508236,13.6077629687591,0.12659692682828935
structural_break,sparse_tsk,3,4.0,25,1.0,4.0,1.4591710054266245,3.6092094068508236,13.6077629687591,0.12659692682828935
structural_break,sparse_tsk,3,5.0,25,1.0,4.0,1.4591710054266245,3.6092094068508236,13.6077629687591,0.12659692682828935
structural_break,sparse_tsk,5,1.25,25,8.4,50.4,1.4045465512148567,54.56507440134626,69.69291709939813,0.24307803688765134
structural_break,sparse_tsk,5,1.5,25,5.0,30.0,1.4173020828656775,27.212288299502465,39.98343058365052,0.1846918507851491
structural_break,sparse_tsk,5,1.75,25,3.0,18.0,1.409674257369588,16.426732341512157,27.811580264540325,0.15782808600713918
structural_break,sparse_tsk,5,2.0,25,2.4,14.4,1.4161117016039844,12.937430674192562,23.906390288884765,0.15162046311665953
structural_break,sparse_tsk,5,2.5,25,1.2,7.2,1.4331273592514053,6.765967356138557,16.90315035415882,0.13454338369849522
structural_break,sparse_tsk,5,3.0,25,1.0,6.0,1.4372686601810896,5.156547966700211,15.155101528608489,0.13080075872748206
structural_break,sparse_tsk,5,4.0,25,1.0,6.0,1.4372686601810896,5.156547966700211,15.155101528608489,0.13080075872748206
structural_break,sparse_tsk,5,5.0,25,1.0,6.0,1.4372686601810896,5.156547966700211,15.155101528608489,0.13080075872748206
structural_break,sparse_tsk,10,1.25,25,10.2,112.2,1.4413889527952697,150.38272564225866,166.75823326531844,0.3450615238100192
structural_break,sparse_tsk,10,1.5,25,5.0,55.0,1.395364889989083,49.80414053989564,62.5752828240437,0.22919993208549463
structural_break,sparse_tsk,10,1.75,25,2.2,24.2,1.390277183604922,23.93606132946276,34.76639150804297,0.17193037934093713
structural_break,sparse_tsk,10,2.0,25,1.4,15.4,1.4028741142543706,14.31191956693616,24.587732001068417,0.14953270233886393
structural_break,sparse_tsk,10,2.5,25,1.0,11.0,1.4126565995121358,9.58357498574611,19.582128547654385,0.1408807789730961
structural_break,sparse_tsk,10,3.0,25,1.0,11.0,1.4126565995121358,9.58357498574611,19.582128547654385,0.1408807789730961
structural_break,sparse_tsk,10,4.0,25,1.0,11.0,1.4126565995121358,9.58357498574611,19.582128547654385,0.1408807789730961
structural_break,sparse_tsk,10,5.0,25,1.0,11.0,1.4126565995121358,9.58357498574611,19.582128547654385,0.1408807789730961
structural_break,sparse_tsk,15,1.25,10,12.0,192.0,2.0370565764328306,297.637732812071,315.26090536013874,0.47631907643072235
structural_break,sparse_tsk,15,1.5,25,4.4,70.4,1.424852364258723,70.05817106222933,82.41342503804144,0.25430862448599056
structural_break,sparse_tsk,15,1.75,25,1.4,22.4,1.4116656512404395,20.147965522216456,30.423777956348708,0.163699685390084
structural_break,sparse_tsk,15,2.0,25,1.2,19.2,1.4154568914334629,16.567291075822443,26.704474073842707,0.15636970007040962
structural_break,sparse_tsk,15,2.5,25,1.0,16.0,1.4153227345802335,13.68777683683161,23.686330398739887,0.15075058183078408
structural_break,sparse_tsk,15,3.0,25,1.0,16.0,1.4153227345802335,13.68777683683161,23.686330398739887,0.15075058183078408
structural_break,sparse_tsk,15,4.0,25,1.0,16.0,1.4153227345802335,13.68777683683161,23.686330398739887,0.15075058183078408
structural_break,sparse_tsk,15,5.0,25,1.0,16.0,1.4153227345802335,13.68777683683161,23.686330398739887,0.15075058183078408
structural_break,sparse_tsk,20,1.25,10,11.5,241.5,1.761269634152803,503.8789851284147,521.1555840862025,0.6150251805430487
structural_break,sparse_tsk,20,1.5,25,4.6,96.6,1.4553891371360166,96.18204369317253,108.6759271050966,0.2890410320575265
structural_break,sparse_tsk,20,1.75,25,1.2,25.2,1.4088936892160877,23.301403477561347,33.438586475581616,0.16854618305109248
structural_break,sparse_tsk,20,2.0,25,1.0,21.0,1.408504609494022,19.337337559573786,29.335891121482064,0.16099435716348764
structural_break,sparse_tsk,20,2.5,25,1.0,21.0,1.408504609494022,19.337337559573786,29.335891121482064,0.16099435716348764
structural_break,sparse_tsk,20,3.0,25,1.0,21.0,1.408504609494022,19.337337559573786,29.335891121482064,0.16099435716348764
structural_break,sparse_tsk,20,4.0,25,1.0,21.0,1.408504609494022,19.337337559573786,29.335891121482064,0.16099435716348764
structural_break,sparse_tsk,20,5.0,25,1.0,21.0,1.408504609494022,19.337337559573786,29.335891121482064,0.16099435716348764
